timestamp,SN,counter,time,lat,lon,alt,vSpeed,eSpeed,nSpeed,sats,temp,rh,battery,rssi
2026-01-03T23:34:54.075068,1, 2179, 1767479693, 0, 0, -17000, 0, 0, 0, 0, 5698, 116, 21, -65.00
2026-01-03T23:34:55.076278,1, 2180, 1767479694, 0, 0, -17000, 0, 0, 0, 0, 5688, 115, 21, -66.00
2026-01-03T23:34:56.075966,1, 2181, 1767479695, 0, 0, -17000, 0, 0, 0, 0, 5688, 115, 21, -67.00
2026-01-03T23:34:57.076437,1, 2182, 1767479696, 0, 0, -17000, 0, 0, 0, 0, 5668, 114, 21, -65.00
2026-01-03T23:34:58.078764,1, 2183, 1767479697, 0, 0, -17000, 0, 0, 0, 0, 5647, 116, 21, -65.00
2026-01-03T23:34:59.082438,1, 2184, 1767479698, 0, 0, -17000, 0, 0, 0, 0, 5647, 115, 21, -64.00
2026-01-03T23:35:00.075527,1, 2185, 1767479699, 0, 0, -17000, 0, 0, 0, 0, 5647, 116, 21, -63.00
2026-01-03T23:35:01.070260,1, 2186, 1767479700, 0, 0, -17000, 0, 0, 0, 0, 5637, 115, 21, -63.00
2026-01-03T23:35:02.074338,1, 2187, 1767479701, 0, 0, -17000, 0, 0, 0, 0, 5637, 114, 21, -64.00
2026-01-03T23:35:03.074816,1, 2188, 1767479702, 0, 0, -17000, 0, 0, 0, 0, 5637, 115, 21, -62.00
2026-01-03T23:35:04.068000,1, 2189, 1767479703, 0, 0, -17000, 0, 0, 0, 0, 5647, 115, 21, -63.00
2026-01-03T23:35:05.081971,1, 2190, 1767479704, 0, 0, -17000, 0, 0, 0, 0, 5647, 116, 21, -62.00
2026-01-03T23:35:06.073493,1, 2191, 1767479705, 0, 0, -17000, 0, 0, 0, 0, 5627, 116, 21, -63.00
2026-01-03T23:35:07.074377,1, 2192, 1767479706, 0, 0, -17000, 0, 0, 0, 0, 5627, 116, 21, -64.00
2026-01-03T23:35:08.070509,1, 2193, 1767479707, 0, 0, -17000, 0, 0, 0, 0, 5597, 115, 21, -63.00
2026-01-03T23:35:09.077134,1, 2194, 1767479708, 0, 0, -17000, 0, 0, 0, 0, 5587, 117, 21, -62.00
2026-01-03T23:35:10.076366,1, 2195, 1767479709, 0, 0, -17000, 0, 0, 0, 0, 5597, 115, 21, -65.00
2026-01-03T23:35:11.081896,1, 2196, 1767479710, 0, 0, -17000, 0, 0, 0, 0, 5556, 115, 21, -64.00
2026-01-03T23:35:12.074657,1, 2197, 1767479711, 0, 0, -17000, 0, 0, 0, 0, 5556, 116, 21, -65.00
2026-01-03T23:35:13.071399,1, 2198, 1767479712, 0, 0, -17000, 0, 0, 0, 0, 5587, 116, 21, -63.00
2026-01-03T23:35:14.072054,1, 2199, 1767479713, 0, 0, -17000, 0, 0, 0, 0, 5556, 115, 21, -63.00
2026-01-03T23:35:15.076654,1, 2200, 1767479714, 0, 0, -17000, 0, 0, 0, 0, 5567, 116, 21, -62.00
2026-01-03T23:35:16.081881,1, 2201, 1767479715, 0, 0, -17000, 0, 0, 0, 0, 5546, 115, 21, -63.00
2026-01-03T23:35:17.069048,1, 2202, 1767479716, 0, 0, -17000, 0, 0, 0, 0, 5536, 116, 21, -62.00
2026-01-03T23:35:18.064896,1, 2203, 1767479717, 0, 0, -17000, 0, 0, 0, 0, 5536, 117, 21, -63.00
2026-01-03T23:35:19.066844,1, 2204, 1767479718, 0, 0, -17000, 0, 0, 0, 0, 5496, 116, 21, -63.00
2026-01-03T23:35:20.084310,1, 2205, 1767479719, 0, 0, -17000, 0, 0, 0, 0, 5496, 116, 21, -64.00
2026-01-03T23:35:21.081830,1, 2206, 1767479720, 0, 0, -17000, 0, 0, 0, 0, 5506, 117, 21, -62.00
2026-01-03T23:35:22.069549,1, 2207, 1767479721, 0, 0, -17000, 0, 0, 0, 0, 5536, 118, 21, -62.00
2026-01-03T23:35:23.069092,1, 2208, 1767479722, 0, 0, -17000, 0, 0, 0, 0, 5546, 117, 21, -62.00
2026-01-03T23:35:24.364461,1, 2209, 1767479723, 0, 0, -17000, 0, 0, 0, 0, 5546, 116, 21, -62.00
2026-01-03T23:35:25.070458,1, 2210, 1767479724, 0, 0, -17000, 0, 0, 0, 0, 5567, 116, 21, -62.00
2026-01-03T23:35:26.070387,1, 2211, 1767479725, 0, 0, -17000, 0, 0, 0, 0, 5597, 117, 21, -63.00
2026-01-03T23:35:27.078281,1, 2212, 1767479726, 0, 0, -17000, 0, 0, 0, 0, 5597, 116, 21, -62.00
2026-01-03T23:35:28.071969,1, 2213, 1767479727, 0, 0, -17000, 0, 0, 0, 0, 5617, 117, 21, -62.00
2026-01-03T23:35:29.063772,1, 2214, 1767479728, 0, 0, -17000, 0, 0, 0, 0, 5617, 116, 21, -63.00
2026-01-03T23:35:30.076131,1, 2215, 1767479729, 0, 0, -17000, 0, 0, 0, 0, 5577, 116, 21, -63.00
2026-01-03T23:35:31.065921,1, 2216, 1767479730, 0, 0, -17000, 0, 0, 0, 0, 5597, 115, 21, -63.00
2026-01-03T23:35:32.074871,1, 2217, 1767479731, 0, 0, -17000, 0, 0, 0, 0, 5577, 117, 21, -63.00
2026-01-03T23:35:33.073183,1, 2218, 1767479732, 0, 0, -17000, 0, 0, 0, 0, 5577, 116, 21, -63.00
2026-01-03T23:35:34.080105,1, 2219, 1767479733, 0, 0, -17000, 0, 0, 0, 0, 5567, 116, 21, -62.00
2026-01-03T23:35:35.077127,1, 2220, 1767479734, 0, 0, -17000, 0, 0, 0, 0, 5546, 116, 21, -62.00
2026-01-03T23:35:36.082704,1, 2221, 1767479735, 0, 0, -17000, 0, 0, 0, 0, 5536, 117, 21, -63.00
2026-01-03T23:35:37.087200,1, 2222, 1767479736, 0, 0, -17000, 0, 0, 0, 0, 5536, 117, 21, -62.00
2026-01-03T23:35:38.082457,1, 2223, 1767479737, 0, 0, -17000, 0, 0, 0, 0, 5536, 116, 21, -64.00
2026-01-03T23:35:39.079618,1, 2224, 1767479738, 0, 0, -17000, 0, 0, 0, 0, 5597, 116, 20, -63.00
2026-01-03T23:35:40.090999,1, 2225, 1767479739, 0, 0, -17000, 0, 0, 0, 0, 5587, 117, 21, -63.00
2026-01-03T23:35:41.078673,1, 2226, 1767479740, 0, 0, -17000, 0, 0, 0, 0, 5587, 115, 21, -63.00
2026-01-03T23:35:42.091617,1, 2227, 1767479741, 0, 0, -17000, 0, 0, 0, 0, 5607, 115, 21, -63.00
2026-01-03T23:35:43.068901,1, 2228, 1767479742, 0, 0, -17000, 0, 0, 0, 0, 5607, 115, 21, -62.00
2026-01-03T23:35:44.072650,1, 2229, 1767479743, 0, 0, -17000, 0, 0, 0, 0, 5597, 115, 21, -62.00
2026-01-03T23:35:45.078622,1, 2230, 1767479744, 0, 0, -17000, 0, 0, 0, 0, 5617, 115, 21, -62.00
2026-01-03T23:35:46.086687,1, 2231, 1767479745, 0, 0, -17000, 0, 0, 0, 0, 5597, 116, 21, -62.00
2026-01-03T23:35:47.065785,1, 2232, 1767479746, 0, 0, -17000, 0, 0, 0, 0, 5597, 115, 21, -62.00
2026-01-03T23:35:48.075844,1, 2233, 1767479747, 0, 0, -17000, 0, 0, 0, 0, 5567, 115, 21, -63.00
2026-01-03T23:35:49.072163,1, 2234, 1767479748, 0, 0, -17000, 0, 0, 0, 0, 5556, 116, 21, -62.00
2026-01-03T23:35:50.077027,1, 2235, 1767479749, 0, 0, -17000, 0, 0, 0, 0, 5556, 116, 21, -62.00
2026-01-03T23:35:51.064104,1, 2236, 1767479750, 0, 0, -17000, 0, 0, 0, 0, 5536, 116, 21, -62.00
2026-01-03T23:35:52.077202,1, 2237, 1767479751, 0, 0, -17000, 0, 0, 0, 0, 5546, 116, 21, -62.00
2026-01-03T23:35:53.078726,1, 2238, 1767479752, 0, 0, -17000, 0, 0, 0, 0, 5536, 115, 21, -62.00
2026-01-03T23:35:54.082165,1, 2239, 1767479753, 0, 0, -17000, 0, 0, 0, 0, 5536, 116, 21, -61.00
2026-01-03T23:35:55.083669,1, 2240, 1767479754, 0, 0, -17000, 0, 0, 0, 0, 5506, 116, 21, -61.00
2026-01-03T23:35:56.091323,1, 2241, 1767479755, 0, 0, -17000, 0, 0, 0, 0, 5486, 117, 21, -63.00
2026-01-03T23:35:57.074848,1, 2242, 1767479756, 0, 0, -17000, 0, 0, 0, 0, 5486, 116, 21, -62.00
2026-01-03T23:35:58.072145,1, 2243, 1767479757, 0, 0, -17000, 0, 0, 0, 0, 5476, 117, 21, -62.00
2026-01-03T23:35:59.074565,1, 2244, 1767479758, 0, 0, -17000, 0, 0, 0, 0, 5456, 117, 21, -62.00
2026-01-03T23:36:00.069735,1, 2245, 1767479759, 0, 0, -17000, 0, 0, 0, 0, 5456, 117, 21, -62.00
2026-01-03T23:36:01.070764,1, 2246, 1767479760, 0, 0, -17000, 0, 0, 0, 0, 5456, 117, 21, -63.00
2026-01-03T23:36:02.074909,1, 2247, 1767479761, 0, 0, -17000, 0, 0, 0, 0, 5445, 116, 21, -62.00
2026-01-03T23:36:03.080401,1, 2248, 1767479762, 0, 0, -17000, 0, 0, 0, 0, 5435, 116, 21, -63.00
2026-01-03T23:36:04.066066,1, 2249, 1767479763, 0, 0, -17000, 0, 0, 0, 0, 5435, 117, 21, -63.00
2026-01-03T23:36:05.073139,1, 2250, 1767479764, 0, 0, -17000, 0, 0, 0, 0, 5435, 116, 21, -62.00
2026-01-03T23:36:06.070834,1, 2251, 1767479765, 0, 0, -17000, 0, 0, 0, 0, 5435, 117, 21, -61.00
2026-01-03T23:36:07.076086,1, 2252, 1767479766, 0, 0, -17000, 0, 0, 0, 0, 5435, 116, 21, -59.00
2026-01-03T23:36:08.080004,1, 2253, 1767479767, 0, 0, -17000, 0, 0, 0, 0, 5445, 117, 21, -59.00
2026-01-03T23:36:09.074595,1, 2254, 1767479768, 0, 0, -17000, 0, 0, 0, 0, 5466, 116, 21, -60.00
2026-01-03T23:36:10.071660,1, 2255, 1767479769, 0, 0, -17000, 0, 0, 0, 0, 5456, 118, 21, -62.00
2026-01-03T23:36:11.070797,1, 2256, 1767479770, 0, 0, -17000, 0, 0, 0, 0, 5456, 116, 21, -61.00
2026-01-03T23:36:12.075711,1, 2257, 1767479771, 0, 0, -17000, 0, 0, 0, 0, 5466, 117, 21, -59.00
2026-01-03T23:36:13.070601,1, 2258, 1767479772, 0, 0, -17000, 0, 0, 0, 0, 5466, 116, 21, -58.00
2026-01-03T23:36:14.076099,1, 2259, 1767479773, 0, 0, -17000, 0, 0, 0, 0, 5486, 116, 21, -60.00
2026-01-03T23:36:15.083110,1, 2260, 1767479774, 0, 0, -17000, 0, 0, 0, 0, 5456, 118, 21, -62.00
2026-01-03T23:36:16.077037,1, 2261, 1767479775, 0, 0, -17000, 0, 0, 0, 0, 5466, 117, 21, -66.00
2026-01-03T23:36:17.076113,1, 2262, 1767479776, 0, 0, -17000, 0, 0, 0, 0, 5476, 117, 21, -67.00
2026-01-03T23:36:18.072133,1, 2263, 1767479777, 0, 0, -17000, 0, 0, 0, 0, 5496, 117, 21, -67.00
2026-01-03T23:36:19.081046,1, 2264, 1767479778, 0, 0, -17000, 0, 0, 0, 0, 5526, 117, 21, -63.00
2026-01-03T23:36:20.071593,1, 2265, 1767479779, 0, 0, -17000, 0, 0, 0, 0, 5506, 116, 21, -54.00
2026-01-03T23:36:21.062663,1, 2266, 1767479780, 0, 0, -17000, 0, 0, 0, 0, 5506, 116, 21, -55.00
2026-01-03T23:36:22.064922,1, 2267, 1767479781, 0, 0, -17000, 0, 0, 0, 0, 5486, 117, 21, -41.00
2026-01-03T23:36:23.072792,1, 2268, 1767479782, 0, 0, -17000, 0, 0, 0, 0, 5486, 117, 21, -37.00
2026-01-03T23:36:24.076595,1, 2269, 1767479783, 0, 0, -17000, 0, 0, 0, 0, 5486, 119, 21, -49.00
2026-01-03T23:36:25.077183,1, 2270, 1767479784, 0, 0, -17000, 0, 0, 0, 0, 5486, 119, 21, -36.00
2026-01-03T23:36:26.079978,1, 2271, 1767479785, 0, 0, -17000, 0, 0, 0, 0, 5486, 119, 21, -32.00
2026-01-03T23:36:27.073502,1, 2272, 1767479786, 0, 0, -17000, 0, 0, 0, 0, 5486, 119, 21, -40.00
2026-01-03T23:36:28.067351,1, 2273, 1767479787, 0, 0, -17000, 0, 0, 0, 0, 5496, 118, 21, -57.00
2026-01-03T23:36:29.070666,1, 2274, 1767479788, 0, 0, -17000, 0, 0, 0, 0, 5556, 120, 21, -38.00
2026-01-03T23:36:30.073646,1, 2275, 1767479789, 0, 0, -17000, 0, 0, 0, 0, 5556, 119, 21, -34.00
2026-01-03T23:36:31.068129,1, 2276, 1767479790, 0, 0, -17000, 0, 0, 0, 0, 5556, 119, 21, -29.00
2026-01-03T23:36:32.067821,1, 2277, 1767479791, 0, 0, -17000, 0, 0, 0, 0, 5637, 119, 21, -27.00
2026-01-03T23:36:33.080126,1, 2278, 1767479792, 0, 0, -17000, 0, 0, 0, 0, 5698, 119, 21, -29.00
2026-01-03T23:36:34.078203,1, 2279, 1767479793, 0, 0, -17000, 0, 0, 0, 0, 5728, 118, 21, -28.00
2026-01-03T23:36:35.085700,1, 2280, 1767479794, 0, 0, -17000, 0, 0, 0, 0, 5758, 118, 21, -29.00
2026-01-03T23:36:36.074541,1, 2281, 1767479795, 0, 0, -17000, 0, 0, 0, 0, 5748, 118, 21, -29.00
2026-01-03T23:36:37.069357,1, 2282, 1767479796, 0, 0, -17000, 0, 0, 0, 0, 5789, 118, 21, -30.00
2026-01-03T23:36:38.068658,1, 2283, 1767479797, 0, 0, -17000, 0, 0, 0, 0, 5789, 117, 21, -35.00
2026-01-03T23:36:39.077158,1, 2284, 1767479798, 0, 0, -17000, 0, 0, 0, 0, 5789, 117, 21, -32.00
2026-01-03T23:36:40.070161,1, 2285, 1767479799, 0, 0, -17000, 0, 0, 0, 0, 5758, 117, 21, -33.00
2026-01-03T23:36:41.071583,1, 2286, 1767479800, 0, 0, -17000, 0, 0, 0, 0, 5748, 118, 21, -33.00
2026-01-03T23:36:42.071174,1, 2287, 1767479801, 0, 0, -17000, 0, 0, 0, 0, 5708, 116, 20, -33.00
2026-01-03T23:36:43.071126,1, 2288, 1767479802, 0, 0, -17000, 0, 0, 0, 0, 5668, 117, 20, -34.00
2026-01-03T23:37:27.615748,1, 1, 1615075204, 0, 0, -17000, 0, 0, 0, 0, 5718, 116, 22, -23.00
2026-01-03T23:37:28.614723,1, 2, 1615075205, 0, 0, -17000, 0, 0, 0, 0, 5708, 116, 21, -23.00
2026-01-03T23:37:29.613813,1, 3, 1615075206, 0, 0, -17000, 0, 0, 0, 0, 5708, 117, 21, -24.00
2026-01-03T23:37:30.610506,1, 4, 1615075207, 0, 0, -17000, 0, 0, 0, 0, 5718, 116, 22, -23.00
2026-01-03T23:37:31.624244,1, 5, 1615075208, 0, 0, -17000, 0, 0, 0, 0, 5718, 117, 21, -24.00
2026-01-03T23:37:32.611663,1, 6, 1615075209, 0, 0, -17000, 0, 0, 0, 0, 5708, 117, 21, -23.00
2026-01-03T23:37:33.612903,1, 7, 1615075210, 0, 0, -17000, 0, 0, 0, 0, 5708, 117, 21, -24.00
2026-01-03T23:37:34.616904,1, 8, 1615075211, 0, 0, -17000, 0, 0, 0, 0, 5708, 117, 21, -24.00
2026-01-03T23:37:35.612591,1, 9, 1615075212, 0, 0, -17000, 0, 0, 0, 0, 5728, 116, 21, -23.00
2026-01-03T23:37:36.614416,1, 10, 1615075213, 0, 0, -17000, 0, 0, 0, 0, 5728, 116, 21, -24.00
2026-01-03T23:37:37.618387,1, 11, 1615075214, 0, 0, -17000, 0, 0, 0, 0, 5738, 115, 21, -24.00
2026-01-03T23:37:38.617545,1, 12, 1615075215, 0, 0, -17000, 0, 0, 0, 0, 5758, 117, 21, -24.00
2026-01-03T23:37:39.627811,1, 13, 1615075216, 0, 0, -17000, 0, 0, 0, 0, 5758, 116, 21, -24.00
2026-01-03T23:37:40.626725,1, 14, 1615075217, 0, 0, -17000, 0, 0, 0, 0, 5779, 117, 21, -24.00
2026-01-03T23:37:41.612625,1, 15, 1615075218, 0, 0, -17000, 0, 0, 0, 0, 5779, 116, 21, -24.00
2026-01-03T23:37:42.616951,1, 16, 1615075219, 0, 0, -17000, 0, 0, 0, 0, 5779, 117, 21, -23.00
2026-01-03T23:37:43.614819,1, 17, 1615075220, 0, 0, -17000, 0, 0, 0, 0, 5758, 114, 21, -24.00
2026-01-03T23:37:44.617997,1, 18, 1615075221, 0, 0, -17000, 0, 0, 0, 0, 5748, 117, 21, -24.00
2026-01-03T23:37:45.615803,1, 19, 1615075222, 0, 0, -17000, 0, 0, 0, 0, 5768, 117, 21, -24.00
2026-01-03T23:37:46.616017,1, 20, 1615075223, 0, 0, -17000, 0, 0, 0, 0, 5768, 116, 21, -24.00
2026-01-03T23:37:47.615432,1, 21, 1615075224, 0, 0, -17000, 0, 0, 0, 0, 5779, 117, 21, -24.00
2026-01-03T23:37:48.620480,1, 22, 1615075225, 0, 0, -17000, 0, 0, 0, 0, 5748, 115, 21, -24.00
2026-01-03T23:37:49.609636,1, 23, 1615075226, 0, 0, -17000, 0, 0, 0, 0, 5748, 115, 21, -24.00
2026-01-03T23:37:50.614488,1, 24, 1615075227, 0, 0, -17000, 0, 0, 0, 0, 5718, 116, 21, -25.00
2026-01-03T23:37:51.614905,1, 25, 1615075228, 0, 0, -17000, 0, 0, 0, 0, 5688, 116, 21, -25.00
2026-01-03T23:37:52.617997,1, 26, 1615075229, 0, 0, -17000, 0, 0, 0, 0, 5688, 115, 21, -25.00
2026-01-03T23:37:53.613180,1, 27, 1615075230, 0, 0, -17000, 0, 0, 0, 0, 5688, 115, 21, -24.00
2026-01-03T23:37:54.614620,1, 28, 1615075231, 0, 0, -17000, 0, 0, 0, 0, 5678, 117, 21, -24.00
2026-01-03T23:37:55.616969,1, 29, 1615075232, 0, 0, -17000, 0, 0, 0, 0, 5668, 116, 21, -25.00
2026-01-03T23:37:56.609783,1, 30, 1615075233, 0, 0, -17000, 0, 0, 0, 0, 5668, 118, 21, -27.00
2026-01-03T23:37:57.614477,1, 31, 1615075234, 0, 0, -17000, 0, 0, 0, 0, 5607, 116, 21, -24.00
2026-01-03T23:37:58.617063,1, 32, 1615075235, 0, 0, -17000, 0, 0, 0, 0, 5556, 116, 21, -24.00
2026-01-03T23:37:59.610639,1, 33, 1615075236, 0, 0, -17000, 0, 0, 0, 0, 5526, 117, 21, -26.00
2026-01-03T23:38:00.624970,1, 34, 1615075237, 0, 0, -17000, 0, 0, 0, 0, 5496, 117, 21, -24.00
2026-01-03T23:38:01.620543,1, 35, 1615075238, 0, 0, -17000, 0, 0, 0, 0, 5476, 117, 21, -22.00
2026-01-03T23:38:02.624654,1, 36, 1615075239, 0, 0, -17000, 0, 0, 0, 0, 5466, 117, 21, -24.00
2026-01-03T23:38:03.623800,1, 37, 1615075240, 0, 0, -17000, 0, 0, 0, 0, 5466, 118, 21, -24.00
2026-01-03T23:38:04.617625,1, 38, 1615075241, 0, 0, -17000, 0, 0, 0, 0, 5486, 117, 21, -25.00
2026-01-03T23:38:05.617946,1, 39, 1615075242, 0, 0, -17000, 0, 0, 0, 0, 5506, 117, 21, -25.00
2026-01-03T23:38:06.610728,1, 40, 1615075243, 0, 0, -17000, 0, 0, 0, 0, 5466, 117, 21, -24.00
2026-01-03T23:38:07.626366,1, 41, 1615075244, 0, 0, -17000, 0, 0, 0, 0, 5486, 118, 21, -24.00
2026-01-03T23:38:08.624547,1, 42, 1615075245, 0, 0, -17000, 0, 0, 0, 0, 5466, 117, 21, -23.00
2026-01-03T23:38:09.610590,1, 43, 1615075246, 0, 0, -17000, 0, 0, 0, 0, 5466, 118, 21, -24.00
2026-01-03T23:38:10.617703,1, 44, 1615075247, 0, 0, -17000, 0, 0, 0, 0, 5445, 117, 21, -24.00
2026-01-03T23:38:11.606588,1, 45, 1615075248, 0, 0, -17000, 0, 0, 0, 0, 5445, 118, 21, -23.00
2026-01-03T23:38:12.613818,1, 46, 1615075249, 0, 0, -17000, 0, 0, 0, 0, 5445, 117, 21, -23.00
2026-01-03T23:38:13.608303,1, 47, 1615075250, 0, 0, -17000, 0, 0, 0, 0, 5425, 118, 21, -23.00
2026-01-03T23:38:14.625524,1, 48, 1615075251, 0, 0, -17000, 0, 0, 0, 0, 5425, 117, 21, -23.00
2026-01-03T23:38:15.628811,1, 49, 1615075252, 0, 0, -17000, 0, 0, 0, 0, 5486, 116, 21, -23.00
2026-01-03T23:38:16.626861,1, 50, 1615075253, 0, 0, -17000, 0, 0, 0, 0, 5486, 116, 21, -25.00
2026-01-03T23:38:17.626955,1, 51, 1615075254, 0, 0, -17000, 0, 0, 0, 0, 5536, 116, 21, -26.00
2026-01-03T23:38:18.620981,1, 52, 1615075255, 0, 0, -17000, 0, 0, 0, 0, 5536, 116, 21, -25.00
2026-01-03T23:38:19.616275,1, 53, 1615075256, 0, 0, -17000, 0, 0, 0, 0, 5556, 118, 21, -23.00
2026-01-03T23:38:20.614987,1, 54, 1615075257, 0, 0, -17000, 0, 0, 0, 0, 5617, 118, 21, -24.00
2026-01-03T23:38:21.616944,1, 55, 1615075258, 0, 0, -17000, 0, 0, 0, 0, 5637, 116, 21, -23.00
2026-01-03T23:38:22.614507,1, 56, 1615075259, 0, 0, -17000, 0, 0, 0, 0, 5668, 116, 21, -24.00
2026-01-03T23:38:23.608626,1, 57, 1615075260, 0, 0, -17000, 0, 0, 0, 0, 5678, 116, 21, -24.00
2026-01-03T23:38:24.635537,1, 58, 1615075261, 0, 0, -17000, 0, 0, 0, 0, 5668, 117, 21, -25.00
2026-01-03T23:38:25.631724,1, 59, 1615075262, 0, 0, -17000, 0, 0, 0, 0, 5668, 115, 20, -24.00
2026-01-03T23:38:26.612960,1, 60, 1615075263, 0, 0, -17000, 0, 0, 0, 0, 5678, 115, 21, -26.00
2026-01-03T23:38:27.611068,1, 61, 1615075264, 0, 0, -17000, 0, 0, 0, 0, 5668, 115, 21, -25.00
2026-01-03T23:38:28.607476,1, 62, 1615075265, 0, 0, -17000, 0, 0, 0, 0, 5668, 114, 21, -24.00
2026-01-03T23:38:29.608803,1, 63, 1615075266, 0, 0, -17000, 0, 0, 0, 0, 5657, 115, 21, -25.00
2026-01-03T23:38:30.619627,1, 64, 1615075267, 0, 0, -17000, 0, 0, 0, 0, 5657, 115, 21, -25.00
2026-01-03T23:38:31.624928,1, 65, 1615075268, 0, 0, -17000, 0, 0, 0, 0, 5647, 115, 21, -25.00
2026-01-03T23:38:32.610525,1, 66, 1615075269, 0, 0, -17000, 0, 0, 0, 0, 5647, 115, 21, -25.00
2026-01-03T23:38:33.613845,1, 67, 1615075270, 0, 0, -17000, 0, 0, 0, 0, 5637, 116, 21, -25.00
2026-01-03T23:38:34.608551,1, 68, 1615075271, 0, 0, -17000, 0, 0, 0, 0, 5627, 114, 21, -24.00
2026-01-03T23:38:35.611753,1, 69, 1615075272, 0, 0, -17000, 0, 0, 0, 0, 5637, 114, 21, -27.00
2026-01-03T23:38:36.607888,1, 70, 1615075273, 0, 0, -17000, 0, 0, 0, 0, 5647, 115, 21, -25.00
2026-01-03T23:38:37.614726,1, 71, 1615075274, 0, 0, -17000, 0, 0, 0, 0, 5647, 116, 21, -26.00
2026-01-03T23:38:38.611775,1, 72, 1615075275, 0, 0, -17000, 0, 0, 0, 0, 5657, 116, 21, -27.00
2026-01-03T23:38:39.611510,1, 73, 1615075276, 0, 0, -17000, 0, 0, 0, 0, 5657, 115, 21, -24.00
2026-01-03T23:38:40.613770,1, 74, 1615075277, 0, 0, -17000, 0, 0, 0, 0, 5668, 115, 21, -25.00
2026-01-03T23:38:41.607533,1, 75, 1615075278, 0, 0, -17000, 0, 0, 0, 0, 5678, 114, 21, -25.00
2026-01-03T23:38:42.609955,1, 76, 1615075279, 0, 0, -17000, 0, 0, 0, 0, 5668, 114, 21, -27.00
2026-01-03T23:38:43.625520,1, 77, 1615075280, 0, 0, -17000, 0, 0, 0, 0, 5657, 115, 21, -28.00
2026-01-03T23:38:44.611877,1, 78, 1615075281, 0, 0, -17000, 0, 0, 0, 0, 5647, 115, 21, -27.00
2026-01-03T23:38:45.614933,1, 79, 1615075282, 0, 0, -17000, 0, 0, 0, 0, 5688, 114, 21, -27.00
2026-01-03T23:38:46.614616,1, 80, 1615075283, 0, 0, -17000, 0, 0, 0, 0, 5688, 114, 21, -27.00
2026-01-03T23:38:47.616150,1, 81, 1615075284, 0, 0, -17000, 0, 0, 0, 0, 5657, 116, 21, -28.00
2026-01-03T23:38:48.621477,1, 82, 1615075285, 0, 0, -17000, 0, 0, 0, 0, 5688, 115, 21, -28.00
2026-01-03T23:38:49.616116,1, 83, 1615075286, 0, 0, -17000, 0, 0, 0, 0, 5668, 115, 20, -27.00
2026-01-03T23:38:50.620013,1, 84, 1615075287, 0, 0, -17000, 0, 0, 0, 0, 5668, 114, 21, -29.00
2026-01-03T23:38:51.616189,1, 85, 1615075288, 0, 0, -17000, 0, 0, 0, 0, 5657, 114, 21, -29.00
2026-01-03T23:38:52.620455,1, 86, 1615075289, 0, 0, -17000, 0, 0, 0, 0, 5668, 114, 21, -26.00
2026-01-03T23:38:53.615046,1, 87, 1615075290, 0, 0, -17000, 0, 0, 0, 0, 5668, 115, 21, -24.00
2026-01-03T23:38:54.614871,1, 88, 1615075291, 0, 0, -17000, 0, 0, 0, 0, 5657, 115, 21, -24.00
2026-01-03T23:38:55.615065,1, 89, 1615075292, 0, 0, -17000, 0, 0, 0, 0, 5708, 115, 21, -24.00
2026-01-03T23:38:56.615012,1, 90, 1615075293, 0, 0, -17000, 0, 0, 0, 0, 5698, 115, 21, -25.00
2026-01-03T23:38:57.611036,1, 91, 1615075294, 0, 0, -17000, 0, 0, 0, 0, 5688, 114, 21, -22.00
2026-01-03T23:38:58.620485,1, 92, 1615075295, 0, 0, -17000, 0, 0, 0, 0, 5708, 113, 21, -20.00
2026-01-03T23:38:59.608884,1, 93, 1615075296, 0, 0, -17000, 0, 0, 0, 0, 5708, 113, 21, -21.00
2026-01-03T23:39:00.648630,1, 94, 1615075297, 0, 0, -17000, 0, 0, 0, 0, 5688, 115, 21, -21.00
2026-01-03T23:39:01.617524,1, 95, 1615075298, 0, 0, -17000, 0, 0, 0, 0, 5678, 114, 21, -20.00
2026-01-03T23:39:02.618454,1, 96, 1615075299, 0, 0, -17000, 0, 0, 0, 0, 5678, 115, 21, -20.00
2026-01-03T23:39:03.609503,1, 97, 1615075300, 0, 0, -17000, 0, 0, 0, 0, 5678, 114, 21, -21.00
2026-01-03T23:39:04.614650,1, 98, 1615075301, 0, 0, -17000, 0, 0, 0, 0, 5657, 114, 21, -22.00
2026-01-03T23:39:05.610920,1, 99, 1615075302, 0, 0, -17000, 0, 0, 0, 0, 5688, 115, 21, -22.00
2026-01-03T23:39:06.614848,1, 100, 1615075303, 0, 0, -17000, 0, 0, 0, 0, 5688, 116, 20, -23.00
2026-01-03T23:39:07.617218,1, 101, 1615075304, 0, 0, -17000, 0, 0, 0, 0, 5688, 116, 21, -23.00
2026-01-03T23:39:08.626037,1, 102, 1615075305, 0, 0, -17000, 0, 0, 0, 0, 5678, 115, 21, -23.00
2026-01-03T23:39:09.620814,1, 103, 1615075306, 0, 0, -17000, 0, 0, 0, 0, 5678, 116, 21, -24.00
2026-01-03T23:39:10.624900,1, 104, 1615075307, 0, 0, -17000, 0, 0, 0, 0, 5668, 115, 21, -23.00
2026-01-03T23:39:11.619763,1, 105, 1615075308, 0, 0, -17000, 0, 0, 0, 0, 5647, 115, 21, -21.00
2026-01-03T23:39:12.616580,1, 106, 1615075309, 0, 0, -17000, 0, 0, 0, 0, 5647, 115, 21, -22.00
2026-01-03T23:39:13.619682,1, 107, 1615075310, 0, 0, -17000, 0, 0, 0, 0, 5627, 115, 20, -21.00
2026-01-03T23:39:14.611729,1, 108, 1615075311, 0, 0, -17000, 0, 0, 0, 0, 5627, 117, 21, -21.00
2026-01-03T23:39:15.617899,1, 109, 1615075312, 0, 0, -17000, 0, 0, 0, 0, 5627, 116, 21, -21.00
2026-01-03T23:39:16.612023,1, 110, 1615075313, 0, 0, -17000, 0, 0, 0, 0, 5627, 115, 20, -33.00
2026-01-03T23:39:17.611232,1, 111, 1615075314, 0, 0, -17000, 0, 0, 0, 0, 5607, 115, 21, -21.00
2026-01-03T23:39:18.621198,1, 112, 1615075315, 0, 0, -17000, 0, 0, 0, 0, 5637, 117, 21, -25.00
2026-01-03T23:39:19.624920,1, 113, 1615075316, 0, 0, -17000, 0, 0, 0, 0, 5607, 117, 20, -27.00
2026-01-03T23:39:20.612151,1, 114, 1615075317, 0, 0, -17000, 0, 0, 0, 0, 5607, 115, 21, -29.00
2026-01-03T23:39:21.614122,1, 115, 1615075318, 0, 0, -17000, 0, 0, 0, 0, 5617, 116, 21, -28.00
2026-01-03T23:39:22.617595,1, 116, 1615075319, 0, 0, -17000, 0, 0, 0, 0, 5597, 115, 21, -27.00
2026-01-03T23:39:23.609700,1, 117, 1615075320, 0, 0, -17000, 0, 0, 0, 0, 5577, 115, 21, -27.00
2026-01-03T23:39:24.613402,1, 118, 1615075321, 0, 0, -17000, 0, 0, 0, 0, 5577, 115, 21, -27.00
2026-01-03T23:39:25.709709,1, 119, 1615075322, 0, 0, -17000, 0, 0, 0, 0, 5567, 115, 20, -27.00
2026-01-03T23:39:26.617202,1, 120, 1615075323, 0, 0, -17000, 0, 0, 0, 0, 5556, 115, 20, -27.00
2026-01-03T23:39:27.609018,1, 121, 1615075324, 0, 0, -17000, 0, 0, 0, 0, 5577, 116, 21, -27.00
2026-01-03T23:39:28.612188,1, 122, 1615075325, 0, 0, -17000, 0, 0, 0, 0, 5567, 115, 21, -27.00
2026-01-03T23:39:29.608332,1, 123, 1615075326, 0, 0, -17000, 0, 0, 0, 0, 5546, 115, 20, -28.00
2026-01-03T23:39:30.611266,1, 124, 1615075327, 0, 0, -17000, 0, 0, 0, 0, 5546, 116, 21, -26.00
2026-01-03T23:39:31.610060,1, 125, 1615075328, 0, 0, -17000, 0, 0, 0, 0, 5567, 115, 21, -27.00
2026-01-03T23:39:32.622642,1, 126, 1615075329, 0, 0, -17000, 0, 0, 0, 0, 5546, 115, 20, -26.00
2026-01-03T23:39:33.618652,1, 127, 1615075330, 0, 0, -17000, 0, 0, 0, 0, 5526, 116, 20, -26.00
2026-01-03T23:39:34.616212,1, 128, 1615075331, 0, 0, -17000, 0, 0, 0, 0, 5546, 116, 20, -27.00
2026-01-03T23:39:35.608080,1, 129, 1615075332, 0, 0, -17000, 0, 0, 0, 0, 5546, 116, 20, -27.00
2026-01-03T23:39:36.618325,1, 130, 1615075333, 0, 0, -17000, 0, 0, 0, 0, 5516, 117, 20, -26.00
2026-01-03T23:39:37.619708,1, 131, 1615075334, 0, 0, -17000, 0, 0, 0, 0, 5516, 117, 20, -28.00
2026-01-03T23:39:38.619735,1, 132, 1615075335, 0, 0, -17000, 0, 0, 0, 0, 5536, 115, 21, -28.00
2026-01-03T23:39:39.628397,1, 133, 1615075336, 0, 0, -17000, 0, 0, 0, 0, 5567, 115, 20, -27.00
2026-01-03T23:39:40.628328,1, 134, 1615075337, 0, 0, -17000, 0, 0, 0, 0, 5567, 115, 20, -27.00
2026-01-03T23:39:41.616198,1, 135, 1615075338, 0, 0, -17000, 0, 0, 0, 0, 5536, 115, 20, -27.00
2026-01-03T23:39:42.620669,1, 136, 1615075339, 0, 0, -17000, 0, 0, 0, 0, 5536, 116, 21, -27.00
2026-01-03T23:39:43.614663,1, 137, 1615075340, 0, 0, -17000, 0, 0, 0, 0, 5567, 116, 20, -27.00
2026-01-03T23:39:44.616245,1, 138, 1615075341, 0, 0, -17000, 0, 0, 0, 0, 5587, 117, 21, -27.00
2026-01-03T23:39:45.618491,1, 139, 1615075342, 0, 0, -17000, 0, 0, 0, 0, 5607, 116, 20, -28.00
2026-01-03T23:39:46.612748,1, 140, 1615075343, 0, 0, -17000, 0, 0, 0, 0, 5607, 115, 21, -27.00
2026-01-03T23:39:47.623081,1, 141, 1615075344, 0, 0, -17000, 0, 0, 0, 0, 5577, 117, 20, -27.00
2026-01-03T23:39:48.624985,1, 142, 1615075345, 0, 0, -17000, 0, 0, 0, 0, 5577, 116, 20, -27.00
2026-01-03T23:39:49.608303,1, 143, 1615075346, 0, 0, -17000, 0, 0, 0, 0, 5597, 116, 20, -26.00
2026-01-03T23:39:50.612803,1, 144, 1615075347, 0, 0, -17000, 0, 0, 0, 0, 5597, 115, 20, -26.00
2026-01-03T23:39:51.613397,1, 145, 1615075348, 0, 0, -17000, 0, 0, 0, 0, 5577, 114, 20, -26.00
2026-01-03T23:39:52.616779,1, 146, 1615075349, 0, 0, -17000, 0, 0, 0, 0, 5587, 117, 20, -27.00
2026-01-03T23:39:53.619774,1, 147, 1615075350, 0, 0, -17000, 0, 0, 0, 0, 5597, 116, 20, -27.00
2026-01-03T23:39:54.619342,1, 148, 1615075351, 0, 0, -17000, 0, 0, 0, 0, 5597, 116, 20, -27.00
2026-01-03T23:39:55.611807,1, 149, 1615075352, 0, 0, -17000, 0, 0, 0, 0, 5587, 116, 20, -28.00
2026-01-03T23:39:56.626451,1, 150, 1615075353, 0, 0, -17000, 0, 0, 0, 0, 5567, 114, 20, -28.00
2026-01-03T23:39:57.613307,1, 151, 1615075354, 0, 0, -17000, 0, 0, 0, 0, 5567, 116, 20, -28.00
2026-01-03T23:39:58.618806,1, 152, 1615075355, 0, 0, -17000, 0, 0, 0, 0, 5597, 115, 20, -23.00
2026-01-03T23:39:59.610315,1, 153, 1615075356, 0, 0, -17000, 0, 0, 0, 0, 5587, 115, 20, -31.00
2026-01-03T23:40:00.613222,1, 154, 1615075357, 0, 0, -17000, 0, 0, 0, 0, 5627, 117, 21, -35.00
2026-01-03T23:40:01.612285,1, 155, 1615075358, 0, 0, -17000, 0, 0, 0, 0, 5617, 115, 20, -33.00
2026-01-03T23:40:02.611180,1, 156, 1615075359, 0, 0, -17000, 0, 0, 0, 0, 5678, 116, 21, -35.00
2026-01-03T23:40:03.620859,1, 157, 1615075360, 0, 0, -17000, 0, 0, 0, 0, 6364, 133, 20, -35.00
2026-01-03T23:40:04.628139,1, 158, 1615075361, 0, 0, -17000, 0, 0, 0, 0, 6364, 199, 21, -36.00
2026-01-03T23:40:05.610102,1, 159, 1615075362, 0, 0, -17000, 0, 0, 0, 0, 9258, 201, 21, -35.00
2026-01-03T23:40:06.615498,1, 160, 1615075363, 0, 0, -17000, 0, 0, 0, 0, 10028, 210, 21, -36.00
2026-01-03T23:40:07.616572,1, 161, 1615075364, 0, 0, -17000, 0, 0, 0, 0, 10028, 205, 20, -36.00
2026-01-03T23:40:08.617950,1, 162, 1615075365, 0, 0, -17000, 0, 0, 0, 0, 10535, 194, 20, -35.00
2026-01-03T23:40:09.621152,1, 163, 1615075366, 0, 0, -17000, 0, 0, 0, 0, 10728, 190, 21, -36.00
2026-01-03T23:40:10.613419,1, 164, 1615075367, 0, 0, -17000, 0, 0, 0, 0, 10576, 188, 20, -35.00
2026-01-03T23:40:11.611421,1, 165, 1615075368, 0, 0, -17000, 0, 0, 0, 0, 10282, 182, 21, -34.00
2026-01-03T23:40:12.611804,1, 166, 1615075369, 0, 0, -17000, 0, 0, 0, 0, 10515, 191, 20, -34.00
2026-01-03T23:40:13.612989,1, 167, 1615075370, 0, 0, -17000, 0, 0, 0, 0, 10535, 194, 20, -28.00
2026-01-03T23:40:14.615968,1, 168, 1615075371, 0, 0, -17000, 0, 0, 0, 0, 8812, 136, 20, -30.00
2026-01-03T23:40:15.620802,1, 169, 1615075372, 0, 0, -17000, 0, 0, 0, 0, 6941, 136, 21, -35.00
2026-01-03T23:40:16.630934,1, 170, 1615075373, 0, 0, -17000, 0, 0, 0, 0, 6425, 136, 20, -38.00
2026-01-03T23:40:17.629492,1, 171, 1615075374, 0, 0, -17000, 0, 0, 0, 0, 6425, 135, 20, -41.00
2026-01-03T23:40:18.630416,1, 172, 1615075375, 0, 0, -17000, 0, 0, 0, 0, 6051, 135, 21, -36.00
2026-01-03T23:40:19.618318,1, 173, 1615075376, 0, 0, -17000, 0, 0, 0, 0, 5950, 129, 21, -29.00
2026-01-03T23:40:20.619388,1, 174, 1615075377, 0, 0, -17000, 0, 0, 0, 0, 5890, 130, 20, -30.00
2026-01-03T23:40:21.611372,1, 175, 1615075378, 0, 0, -17000, 0, 0, 0, 0, 5829, 126, 20, -30.00
2026-01-03T23:40:22.618064,1, 176, 1615075379, 0, 0, -17000, 0, 0, 0, 0, 5829, 124, 21, -27.00
2026-01-03T23:40:23.616342,1, 177, 1615075380, 0, 0, -17000, 0, 0, 0, 0, 5779, 124, 20, -27.00
2026-01-03T23:40:24.616327,1, 178, 1615075381, 0, 0, -17000, 0, 0, 0, 0, 5779, 122, 21, -26.00
2026-01-03T23:40:25.619354,1, 179, 1615075382, 0, 0, -17000, 0, 0, 0, 0, 5718, 122, 21, -25.00
2026-01-03T23:40:26.616639,1, 180, 1615075383, 0, 0, -17000, 0, 0, 0, 0, 5738, 122, 21, -26.00
2026-01-03T23:40:27.614951,1, 181, 1615075384, 0, 0, -17000, 0, 0, 0, 0, 5728, 120, 20, -28.00
2026-01-03T23:40:28.623339,1, 182, 1615075385, 0, 0, -17000, 0, 0, 0, 0, 5728, 119, 21, -34.00
2026-01-03T23:40:29.620477,1, 183, 1615075386, 0, 0, -17000, 0, 0, 0, 0, 5698, 119, 20, -33.00
2026-01-03T23:40:30.617006,1, 184, 1615075387, 0, 0, -17000, 0, 0, 0, 0, 5688, 120, 20, -32.00
2026-01-03T23:40:31.614124,1, 185, 1615075388, 0, 0, -17000, 0, 0, 0, 0, 5688, 120, 20, -32.00
2026-01-03T23:40:32.619975,1, 186, 1615075389, 0, 0, -17000, 0, 0, 0, 0, 5637, 119, 20, -31.00
2026-01-03T23:40:33.613156,1, 187, 1615075390, 0, 0, -17000, 0, 0, 0, 0, 5617, 120, 20, -32.00
2026-01-03T23:40:34.635884,1, 188, 1615075391, 0, 0, -17000, 0, 0, 0, 0, 5617, 120, 20, -32.00
2026-01-03T23:40:35.618732,1, 189, 1615075392, 0, 0, -17000, 0, 0, 0, 0, 5607, 120, 20, -32.00
2026-01-03T23:40:37.632232,1, 191, 1615075394, 0, 0, -17000, 0, 0, 0, 0, 5587, 119, 20, -32.00
2026-01-03T23:40:38.610458,1, 192, 1615075395, 0, 0, -17000, 0, 0, 0, 0, 5587, 120, 20, -32.00
2026-01-03T23:40:39.618246,1, 193, 1615075396, 0, 0, -17000, 0, 0, 0, 0, 5577, 120, 20, -32.00
2026-01-03T23:40:40.617085,1, 194, 1615075397, 0, 0, -17000, 0, 0, 0, 0, 5567, 119, 20, -32.00
2026-01-03T23:40:41.615021,1, 195, 1615075398, 0, 0, -17000, 0, 0, 0, 0, 5577, 120, 20, -32.00
2026-01-03T23:40:42.612671,1, 196, 1615075399, 0, 0, -17000, 0, 0, 0, 0, 5567, 120, 20, -32.00
2026-01-03T23:40:43.606262,1, 197, 1615075400, 0, 0, -17000, 0, 0, 0, 0, 5556, 120, 20, -32.00
2026-01-03T23:40:44.611016,1, 198, 1615075401, 0, 0, -17000, 0, 0, 0, 0, 5556, 120, 20, -32.00
2026-01-03T23:40:45.609481,1, 199, 1615075402, 0, 0, -17000, 0, 0, 0, 0, 5546, 120, 20, -32.00
2026-01-03T23:40:46.614131,1, 200, 1615075403, 0, 0, -17000, 0, 0, 0, 0, 5526, 119, 20, -32.00
2026-01-03T23:40:47.618810,1, 201, 1615075404, 0, 0, -17000, 0, 0, 0, 0, 5546, 118, 20, -31.00
2026-01-03T23:40:48.626009,1, 202, 1615075405, 0, 0, -17000, 0, 0, 0, 0, 5536, 121, 20, -31.00
2026-01-03T23:40:49.613437,1, 203, 1615075406, 0, 0, -17000, 0, 0, 0, 0, 5546, 120, 20, -33.00
2026-01-03T23:40:50.617962,1, 204, 1615075407, 0, 0, -17000, 0, 0, 0, 0, 5556, 119, 20, -32.00
2026-01-04T10:49:12.992678,1, 125, 1615075328, 0, 0, -17000, 0, 0, 0, 0, 5779, 110, 94, -29.00
2026-01-04T10:49:13.993633,1, 126, 1615075329, 0, 0, -17000, 0, 0, 0, 0, 5768, 107, 94, -29.00
2026-01-04T10:49:14.993015,1, 127, 1615075330, 0, 0, -17000, 0, 0, 0, 0, 5758, 103, 94, -30.00
2026-01-04T10:49:15.985992,1, 128, 1615075331, 0, 0, -17000, 0, 0, 0, 0, 5738, 101, 94, -31.00
2026-01-04T10:49:16.992986,1, 129, 1615075332, 0, 0, -17000, 0, 0, 0, 0, 5738, 103, 94, -32.00
2026-01-04T10:49:17.984554,1, 130, 1615075333, 0, 0, -17000, 0, 0, 0, 0, 5698, 105, 94, -41.00
2026-01-04T10:49:18.987707,1, 131, 1615075334, 0, 0, -17000, 0, 0, 0, 0, 5728, 102, 94, -45.00
2026-01-04T10:49:19.990793,1, 132, 1615075335, 0, 0, -17000, 0, 0, 0, 0, 5728, 101, 94, -50.00
2026-01-04T10:49:20.994959,1, 133, 1615075336, 0, 0, -17000, 0, 0, 0, 0, 5718, 111, 93, -42.00
2026-01-04T10:49:21.984327,1, 134, 1615075337, 0, 0, -17000, 0, 0, 0, 0, 5738, 114, 93, -43.00
2026-01-04T10:49:22.996937,1, 135, 1615075338, 0, 0, -17000, 0, 0, 0, 0, 5738, 115, 94, -45.00
2026-01-04T10:49:23.995127,1, 136, 1615075339, 0, 0, -17000, 0, 0, 0, 0, 5748, 113, 93, -45.00
2026-01-04T10:49:24.986656,1, 137, 1615075340, 0, 0, -17000, 0, 0, 0, 0, 5758, 114, 94, -46.00
2026-01-04T10:49:25.990433,1, 138, 1615075341, 0, 0, -17000, 0, 0, 0, 0, 5768, 113, 94, -45.00
2026-01-04T10:49:26.990825,1, 139, 1615075342, 0, 0, -17000, 0, 0, 0, 0, 5748, 113, 95, -44.00
2026-01-04T10:49:27.987965,1, 140, 1615075343, 0, 0, -17000, 0, 0, 0, 0, 5748, 115, 93, -45.00
2026-01-04T10:49:28.986964,1, 141, 1615075344, 0, 0, -17000, 0, 0, 0, 0, 5758, 115, 93, -46.00
2026-01-04T10:49:29.988928,1, 142, 1615075345, 0, 0, -17000, 0, 0, 0, 0, 5768, 113, 94, -46.00
2026-01-04T10:49:30.984726,1, 143, 1615075346, 0, 0, -17000, 0, 0, 0, 0, 5779, 114, 94, -48.00
2026-01-04T10:49:31.986757,1, 144, 1615075347, 0, 0, -17000, 0, 0, 0, 0, 5779, 116, 93, -47.00
2026-01-04T10:49:32.982222,1, 145, 1615075348, 0, 0, -17000, 0, 0, 0, 0, 5768, 113, 94, -47.00
2026-01-04T10:49:33.984973,1, 146, 1615075349, 0, 0, -17000, 0, 0, 0, 0, 5789, 113, 94, -47.00
2026-01-04T10:49:34.995180,1, 147, 1615075350, 0, 0, -17000, 0, 0, 0, 0, 5799, 115, 94, -47.00
2026-01-04T10:49:35.989979,1, 148, 1615075351, 0, 0, -17000, 0, 0, 0, 0, 5768, 113, 94, -44.00
2026-01-04T10:49:36.982250,1, 149, 1615075352, 0, 0, -17000, 0, 0, 0, 0, 5779, 114, 94, -45.00
2026-01-04T10:49:37.984725,1, 150, 1615075353, 0, 0, -17000, 0, 0, 0, 0, 5768, 118, 94, -45.00
2026-01-04T10:49:38.991396,1, 151, 1615075354, 0, 0, -17000, 0, 0, 0, 0, 5779, 113, 93, -45.00
2026-01-04T10:49:39.989322,1, 152, 1615075355, 0, 0, -17000, 0, 0, 0, 0, 5779, 115, 94, -45.00
2026-01-04T10:49:40.984810,1, 153, 1615075356, 0, 0, -17000, 0, 0, 0, 0, 5779, 117, 94, -45.00
2026-01-04T10:49:41.987179,1, 154, 1615075357, 0, 0, -17000, 0, 0, 0, 0, 5779, 115, 93, -48.00
2026-01-04T10:49:42.989248,1, 155, 1615075358, 0, 0, -17000, 0, 0, 0, 0, 5779, 104, 94, -40.00
2026-01-04T10:49:43.991183,1, 156, 1615075359, 0, 0, -17000, 0, 0, 0, 0, 5738, 101, 95, -40.00
2026-01-04T10:49:44.986015,1, 157, 1615075360, 0, 0, -17000, 0, 0, 0, 0, 5698, 102, 94, -36.00
2026-01-04T10:49:45.986301,1, 158, 1615075361, 0, 0, -17000, 0, 0, 0, 0, 5688, 101, 94, -39.00
2026-01-04T10:49:46.989053,1, 159, 1615075362, 0, 0, -17000, 0, 0, 0, 0, 5668, 102, 94, -37.00
2026-01-04T10:49:47.989466,1, 160, 1615075363, 0, 0, -17000, 0, 0, 0, 0, 5698, 102, 94, -36.00
2026-01-04T10:49:48.981386,1, 161, 1615075364, 0, 0, -17000, 0, 0, 0, 0, 5678, 103, 93, -34.00
2026-01-04T10:49:49.984834,1, 162, 1615075365, 0, 0, -17000, 0, 0, 0, 0, 5688, 110, 93, -35.00
2026-01-04T10:49:50.979106,1, 163, 1615075366, 0, 0, -17000, 0, 0, 0, 0, 5678, 104, 93, -35.00
2026-01-04T10:49:51.982323,1, 164, 1615075367, 0, 0, -17000, 0, 0, 0, 0, 5668, 102, 93, -35.00
2026-01-04T10:49:52.995092,1, 165, 1615075368, 0, 0, -17000, 0, 0, 0, 0, 5637, 104, 93, -34.00
2026-01-04T10:49:53.982282,1, 166, 1615075369, 0, 0, -17000, 0, 0, 0, 0, 5647, 105, 94, -37.00
2026-01-04T10:49:54.985438,1, 167, 1615075370, 0, 0, -17000, 0, 0, 0, 0, 5678, 102, 94, -36.00
2026-01-04T10:49:55.987220,1, 168, 1615075371, 0, 0, -17000, 0, 0, 0, 0, 5688, 101, 94, -36.00
2026-01-04T10:49:56.986638,1, 169, 1615075372, 0, 0, -17000, 0, 0, 0, 0, 5738, 100, 94, -37.00
2026-01-04T10:49:57.988006,1, 170, 1615075373, 0, 0, -17000, 0, 0, 0, 0, 5768, 103, 93, -37.00
2026-01-04T10:49:58.985653,1, 171, 1615075374, 0, 0, -17000, 0, 0, 0, 0, 5768, 102, 93, -37.00
2026-01-04T10:49:59.986609,1, 172, 1615075375, 0, 0, -17000, 0, 0, 0, 0, 5768, 103, 94, -36.00
2026-01-04T10:50:00.986770,1, 173, 1615075376, 0, 0, -17000, 0, 0, 0, 0, 5758, 103, 94, -37.00
2026-01-04T10:50:02.000484,1, 174, 1615075377, 0, 0, -17000, 0, 0, 0, 0, 5728, 103, 94, -37.00
2026-01-04T10:50:02.990374,1, 175, 1615075378, 0, 0, -17000, 0, 0, 0, 0, 5708, 104, 94, -37.00
2026-01-04T10:50:04.015128,1, 176, 1615075379, 0, 0, -17000, 0, 0, 0, 0, 5718, 103, 93, -37.00
2026-01-04T10:50:04.993358,1, 177, 1615075380, 0, 0, -17000, 0, 0, 0, 0, 5708, 103, 94, -38.00
2026-01-04T10:50:05.998819,1, 178, 1615075381, 0, 0, -17000, 0, 0, 0, 0, 5718, 103, 92, -38.00
2026-01-04T10:50:06.989506,1, 179, 1615075382, 0, 0, -17000, 0, 0, 0, 0, 5708, 103, 93, -37.00
2026-01-04T10:50:07.985403,1, 180, 1615075383, 0, 0, -17000, 0, 0, 0, 0, 5678, 104, 93, -40.00
2026-01-04T10:50:08.987422,1, 181, 1615075384, 0, 0, -17000, 0, 0, 0, 0, 5668, 104, 94, -39.00
2026-01-04T10:50:09.987190,1, 182, 1615075385, 0, 0, -17000, 0, 0, 0, 0, 5668, 102, 93, -39.00
2026-01-04T10:50:10.980138,1, 183, 1615075386, 0, 0, -17000, 0, 0, 0, 0, 5678, 106, 93, -40.00
2026-01-04T10:50:11.988890,1, 184, 1615075387, 0, 0, -17000, 0, 0, 0, 0, 5688, 107, 94, -40.00
2026-01-04T10:50:12.985521,1, 185, 1615075388, 0, 0, -17000, 0, 0, 0, 0, 5678, 106, 93, -40.00
2026-01-04T10:50:13.987628,1, 186, 1615075389, 0, 0, -17000, 0, 0, 0, 0, 5698, 104, 94, -36.00
2026-01-04T10:50:14.987789,1, 187, 1615075390, 0, 0, -17000, 0, 0, 0, 0, 5718, 103, 94, -35.00
2026-01-04T10:50:15.988785,1, 188, 1615075391, 0, 0, -17000, 0, 0, 0, 0, 5738, 103, 93, -36.00
2026-01-04T10:50:16.982608,1, 189, 1615075392, 0, 0, -17000, 0, 0, 0, 0, 5748, 102, 93, -36.00
2026-01-04T10:50:17.986210,1, 190, 1615075393, 0, 0, -17000, 0, 0, 0, 0, 5758, 102, 94, -34.00
2026-01-04T10:50:18.983895,1, 191, 1615075394, 0, 0, -17000, 0, 0, 0, 0, 5779, 103, 93, -35.00
2026-01-04T10:50:19.988427,1, 192, 1615075395, 0, 0, -17000, 0, 0, 0, 0, 5799, 102, 93, -35.00
2026-01-04T10:50:20.981760,1, 193, 1615075396, 0, 0, -17000, 0, 0, 0, 0, 5799, 103, 94, -37.00
2026-01-04T10:50:21.987303,1, 194, 1615075397, 0, 0, -17000, 0, 0, 0, 0, 5738, 102, 94, -35.00
2026-01-04T10:50:22.990637,1, 195, 1615075398, 0, 0, -17000, 0, 0, 0, 0, 5748, 104, 93, -35.00
2026-01-04T10:50:23.994158,1, 196, 1615075399, 0, 0, -17000, 0, 0, 0, 0, 5748, 106, 94, -34.00
2026-01-04T10:50:24.994619,1, 197, 1615075400, 0, 0, -17000, 0, 0, 0, 0, 5758, 104, 92, -33.00
2026-01-04T10:50:25.988356,1, 198, 1615075401, 0, 0, -17000, 0, 0, 0, 0, 5779, 104, 94, -35.00
2026-01-04T10:50:26.984243,1, 199, 1615075402, 0, 0, -17000, 0, 0, 0, 0, 5799, 104, 94, -35.00
2026-01-04T10:50:27.980239,1, 200, 1615075403, 0, 0, -17000, 0, 0, 0, 0, 5819, 103, 94, -35.00
2026-01-04T10:50:28.985291,1, 201, 1615075404, 0, 0, -17000, 0, 0, 0, 0, 5849, 100, 93, -35.00
2026-01-04T10:50:29.987303,1, 202, 1615075405, 0, 0, -17000, 0, 0, 0, 0, 5890, 101, 93, -32.00
2026-01-04T10:50:30.988629,1, 203, 1615075406, 0, 0, -17000, 0, 0, 0, 0, 5910, 105, 92, -33.00
2026-01-04T10:50:31.987070,1, 204, 1615075407, 0, 0, -17000, 0, 0, 0, 0, 5910, 106, 93, -33.00
2026-01-04T10:50:32.989399,1, 205, 1615075408, 0, 0, -17000, 0, 0, 0, 0, 5910, 107, 93, -35.00
2026-01-04T10:50:33.980827,1, 206, 1615075409, 0, 0, -17000, 0, 0, 0, 0, 5910, 105, 93, -34.00
2026-01-04T10:50:34.983197,1, 207, 1615075410, 0, 0, -17000, 0, 0, 0, 0, 5930, 105, 93, -37.00
2026-01-04T10:50:35.978995,1, 208, 1615075411, 0, 0, -17000, 0, 0, 0, 0, 5950, 106, 93, -37.00
2026-01-04T10:50:36.983522,1, 209, 1615075412, 0, 0, -17000, 0, 0, 0, 0, 5930, 112, 94, -38.00
2026-01-04T10:50:37.983656,1, 210, 1615075413, 0, 0, -17000, 0, 0, 0, 0, 5930, 111, 94, -36.00
2026-01-04T10:50:38.981940,1, 211, 1615075414, 0, 0, -17000, 0, 0, 0, 0, 5930, 113, 94, -36.00
2026-01-04T10:50:39.978586,1, 212, 1615075415, 0, 0, -17000, 0, 0, 0, 0, 5910, 114, 94, -35.00
2026-01-04T10:50:40.986064,1, 213, 1615075416, 0, 0, -17000, 0, 0, 0, 0, 5900, 112, 93, -35.00
2026-01-04T10:50:41.980022,1, 214, 1615075417, 0, 0, -17000, 0, 0, 0, 0, 5920, 115, 92, -35.00
2026-01-04T10:50:42.990001,1, 215, 1615075418, 0, 0, -17000, 0, 0, 0, 0, 5900, 114, 94, -34.00
2026-01-04T10:50:43.985307,1, 216, 1615075419, 0, 0, -17000, 0, 0, 0, 0, 5910, 112, 93, -33.00
2026-01-04T10:50:44.998889,1, 217, 1615075420, 0, 0, -17000, 0, 0, 0, 0, 5900, 114, 93, -33.00
2026-01-04T10:50:45.999915,1, 218, 1615075421, 0, 0, -17000, 0, 0, 0, 0, 5880, 113, 92, -36.00
2026-01-04T10:50:46.994032,1, 219, 1615075422, 0, 0, -17000, 0, 0, 0, 0, 5890, 115, 93, -34.00
2026-01-04T10:50:47.990289,1, 220, 1615075423, 0, 0, -17000, 0, 0, 0, 0, 5900, 113, 93, -36.00
2026-01-04T10:50:48.992588,1, 221, 1615075424, 0, 0, -17000, 0, 0, 0, 0, 5900, 113, 93, -36.00
2026-01-04T10:50:49.984308,1, 222, 1615075425, 0, 0, -17000, 0, 0, 0, 0, 5890, 114, 93, -36.00
2026-01-04T10:50:50.985516,1, 223, 1615075426, 0, 0, -17000, 0, 0, 0, 0, 5890, 114, 93, -36.00
2026-01-04T10:50:51.983738,1, 224, 1615075427, 0, 0, -17000, 0, 0, 0, 0, 5870, 115, 94, -36.00
2026-01-04T10:50:52.979867,1, 225, 1615075428, 0, 0, -17000, 0, 0, 0, 0, 5880, 116, 93, -35.00
2026-01-04T10:50:53.992107,1, 226, 1615075429, 0, 0, -17000, 0, 0, 0, 0, 5870, 114, 92, -35.00
2026-01-04T10:50:55.000888,1, 227, 1615075430, 0, 0, -17000, 0, 0, 0, 0, 5880, 112, 92, -36.00
2026-01-04T10:50:55.982825,1, 228, 1615075431, 0, 0, -17000, 0, 0, 0, 0, 5890, 102, 93, -36.00
2026-01-04T10:50:56.982268,1, 229, 1615075432, 0, 0, -17000, 0, 0, 0, 0, 5829, 102, 93, -37.00
2026-01-04T10:50:57.985443,1, 230, 1615075433, 0, 0, -17000, 0, 0, 0, 0, 5799, 101, 93, -37.00
2026-01-04T10:50:58.984907,1, 231, 1615075434, 0, 0, -17000, 0, 0, 0, 0, 5819, 103, 92, -37.00
2026-01-04T10:50:59.985053,1, 232, 1615075435, 0, 0, -17000, 0, 0, 0, 0, 5789, 102, 93, -34.00
2026-01-04T10:51:00.984391,1, 233, 1615075436, 0, 0, -17000, 0, 0, 0, 0, 5789, 103, 93, -33.00
2026-01-04T10:51:01.983513,1, 234, 1615075437, 0, 0, -17000, 0, 0, 0, 0, 5819, 107, 93, -29.00
2026-01-04T10:51:02.983527,1, 235, 1615075438, 0, 0, -17000, 0, 0, 0, 0, 5809, 102, 93, -38.00
2026-01-04T10:51:03.987937,1, 236, 1615075439, 0, 0, -17000, 0, 0, 0, 0, 5799, 101, 92, -39.00
2026-01-04T10:51:04.995491,1, 237, 1615075440, 0, 0, -17000, 0, 0, 0, 0, 5799, 102, 93, -33.00
2026-01-04T10:51:05.988023,1, 238, 1615075441, 0, 0, -17000, 0, 0, 0, 0, 5799, 102, 92, -31.00
2026-01-04T10:51:06.982697,1, 239, 1615075442, 0, 0, -17000, 0, 0, 0, 0, 5738, 101, 93, -41.00
2026-01-04T10:51:07.980173,1, 240, 1615075443, 0, 0, -17000, 0, 0, 0, 0, 5688, 102, 93, -30.00
2026-01-04T10:51:08.986693,1, 241, 1615075444, 0, 0, -17000, 0, 0, 0, 0, 5678, 102, 93, -31.00
2026-01-04T10:51:09.980175,1, 242, 1615075445, 0, 0, -17000, 0, 0, 0, 0, 5668, 104, 91, -31.00
2026-01-04T10:51:10.987995,1, 243, 1615075446, 0, 0, -17000, 0, 0, 0, 0, 5657, 105, 92, -31.00
2026-01-04T10:51:11.987835,1, 244, 1615075447, 0, 0, -17000, 0, 0, 0, 0, 5627, 102, 93, -31.00
2026-01-04T10:51:12.987940,1, 245, 1615075448, 0, 0, -17000, 0, 0, 0, 0, 5617, 102, 92, -32.00
2026-01-04T10:51:13.980712,1, 246, 1615075449, 0, 0, -17000, 0, 0, 0, 0, 5627, 102, 92, -33.00
2026-01-04T10:51:14.983554,1, 247, 1615075450, 0, 0, -17000, 0, 0, 0, 0, 5627, 104, 92, -33.00
2026-01-04T10:51:15.980113,1, 248, 1615075451, 0, 0, -17000, 0, 0, 0, 0, 5647, 100, 93, -33.00
2026-01-04T10:51:16.982345,1, 249, 1615075452, 0, 0, -17000, 0, 0, 0, 0, 5627, 102, 93, -32.00
2026-01-04T10:51:17.977072,1, 250, 1615075453, 0, 0, -17000, 0, 0, 0, 0, 5637, 105, 92, -33.00
2026-01-04T10:51:18.999176,1, 251, 1615075454, 0, 0, -17000, 0, 0, 0, 0, 5637, 102, 93, -32.00
2026-01-04T10:51:19.992823,1, 252, 1615075455, 0, 0, -17000, 0, 0, 0, 0, 5637, 102, 91, -32.00
2026-01-04T10:51:21.009100,1, 253, 1615075456, 0, 0, -17000, 0, 0, 0, 0, 5637, 103, 91, -33.00
2026-01-04T10:51:21.995362,1, 254, 1615075457, 0, 0, -17000, 0, 0, 0, 0, 5647, 103, 92, -33.00
2026-01-04T10:51:22.986249,1, 255, 1615075458, 0, 0, -17000, 0, 0, 0, 0, 5637, 102, 92, -33.00
2026-01-04T10:51:23.985489,1, 256, 1615075459, 0, 0, -17000, 0, 0, 0, 0, 5627, 102, 92, -32.00
2026-01-04T10:51:24.985970,1, 257, 1615075460, 0, 0, -17000, 0, 0, 0, 0, 5637, 103, 92, -33.00
2026-01-04T10:51:25.987211,1, 258, 1615075461, 0, 0, -17000, 0, 0, 0, 0, 5627, 101, 92, -33.00
2026-01-04T10:51:26.981625,1, 259, 1615075462, 0, 0, -17000, 0, 0, 0, 0, 5627, 104, 93, -33.00
2026-01-04T10:51:27.991875,1, 260, 1615075463, 0, 0, -17000, 0, 0, 0, 0, 5617, 101, 91, -33.00
2026-01-04T10:51:28.991531,1, 261, 1615075464, 0, 0, -17000, 0, 0, 0, 0, 5607, 103, 92, -31.00
2026-01-04T10:51:29.985260,1, 262, 1615075465, 0, 0, -17000, 0, 0, 0, 0, 5607, 102, 91, -32.00
2026-01-04T10:51:30.980014,1, 263, 1615075466, 0, 0, -17000, 0, 0, 0, 0, 5597, 102, 93, -31.00
2026-01-04T10:51:31.982710,1, 264, 1615075467, 0, 0, -17000, 0, 0, 0, 0, 5607, 102, 92, -31.00
2026-01-04T10:51:32.978514,1, 265, 1615075468, 0, 0, -17000, 0, 0, 0, 0, 5587, 102, 91, -31.00
2026-01-04T10:51:33.982726,1, 266, 1615075469, 0, 0, -17000, 0, 0, 0, 0, 5587, 101, 92, -31.00
2026-01-04T10:51:34.981394,1, 267, 1615075470, 0, 0, -17000, 0, 0, 0, 0, 5577, 104, 92, -31.00
2026-01-04T10:51:35.988778,1, 268, 1615075471, 0, 0, -17000, 0, 0, 0, 0, 5587, 104, 92, -31.00
2026-01-04T10:51:36.989820,1, 269, 1615075472, 0, 0, -17000, 0, 0, 0, 0, 5577, 104, 91, -31.00
2026-01-04T10:51:37.982838,1, 270, 1615075473, 0, 0, -17000, 0, 0, 0, 0, 5556, 102, 91, -31.00
2026-01-04T10:51:38.986429,1, 271, 1615075474, 0, 0, -17000, 0, 0, 0, 0, 5567, 101, 91, -31.00
2026-01-04T10:51:39.987575,1, 272, 1615075475, 0, 0, -17000, 0, 0, 0, 0, 5546, 104, 91, -32.00
2026-01-04T10:51:40.989064,1, 273, 1615075476, 0, 0, -17000, 0, 0, 0, 0, 5546, 103, 92, -32.00
2026-01-04T10:51:41.980018,1, 274, 1615075477, 0, 0, -17000, 0, 0, 0, 0, 5536, 104, 91, -33.00
2026-01-04T10:51:42.986683,1, 275, 1615075478, 0, 0, -17000, 0, 0, 0, 0, 5546, 102, 92, -32.00
2026-01-04T10:51:43.986906,1, 276, 1615075479, 0, 0, -17000, 0, 0, 0, 0, 5556, 101, 92, -33.00
2026-01-04T10:51:44.982138,1, 277, 1615075480, 0, 0, -17000, 0, 0, 0, 0, 5556, 103, 91, -33.00
2026-01-04T10:51:45.977923,1, 278, 1615075481, 0, 0, -17000, 0, 0, 0, 0, 5546, 102, 91, -32.00
2026-01-04T10:51:47.000432,1, 279, 1615075482, 0, 0, -17000, 0, 0, 0, 0, 5546, 102, 92, -33.00
2026-01-04T10:51:47.999421,1, 280, 1615075483, 0, 0, -17000, 0, 0, 0, 0, 5567, 102, 92, -33.00
2026-01-04T10:51:49.008743,1, 281, 1615075484, 0, 0, -17000, 0, 0, 0, 0, 5587, 102, 92, -33.00
2026-01-04T10:51:49.986894,1, 282, 1615075485, 0, 0, -17000, 0, 0, 0, 0, 5567, 103, 92, -33.00
2026-01-04T10:51:50.982240,1, 283, 1615075486, 0, 0, -17000, 0, 0, 0, 0, 5587, 105, 92, -33.00
2026-01-04T10:51:51.984877,1, 284, 1615075487, 0, 0, -17000, 0, 0, 0, 0, 5587, 103, 92, -33.00
2026-01-04T10:51:52.980248,1, 285, 1615075488, 0, 0, -17000, 0, 0, 0, 0, 5597, 101, 91, -33.00
2026-01-04T10:51:53.990220,1, 286, 1615075489, 0, 0, -17000, 0, 0, 0, 0, 5607, 101, 92, -33.00
2026-01-04T10:51:54.981134,1, 287, 1615075490, 0, 0, -17000, 0, 0, 0, 0, 5587, 101, 91, -33.00
2026-01-04T10:51:55.981776,1, 288, 1615075491, 0, 0, -17000, 0, 0, 0, 0, 5587, 102, 91, -33.00
2026-01-04T10:51:56.981610,1, 289, 1615075492, 0, 0, -17000, 0, 0, 0, 0, 5587, 102, 91, -34.00
2026-01-04T10:51:57.981503,1, 290, 1615075493, 0, 0, -17000, 0, 0, 0, 0, 5607, 102, 91, -33.00
2026-01-04T10:51:58.979142,1, 291, 1615075494, 0, 0, -17000, 0, 0, 0, 0, 5607, 104, 92, -33.00
2026-01-04T10:51:59.984255,1, 292, 1615075495, 0, 0, -17000, 0, 0, 0, 0, 5597, 102, 91, -33.00
2026-01-04T10:52:00.979896,1, 293, 1615075496, 0, 0, -17000, 0, 0, 0, 0, 5587, 102, 91, -33.00
2026-01-04T10:52:01.982646,1, 294, 1615075497, 0, 0, -17000, 0, 0, 0, 0, 5567, 102, 91, -33.00
2026-01-04T10:52:02.981643,1, 295, 1615075498, 0, 0, -17000, 0, 0, 0, 0, 5577, 102, 90, -33.00
2026-01-04T10:52:03.982324,1, 296, 1615075499, 0, 0, -17000, 0, 0, 0, 0, 5587, 103, 92, -33.00
2026-01-04T10:52:04.984879,1, 297, 1615075500, 0, 0, -17000, 0, 0, 0, 0, 5587, 103, 91, -33.00
2026-01-04T10:52:05.979348,1, 298, 1615075501, 0, 0, -17000, 0, 0, 0, 0, 5567, 101, 92, -33.00
2026-01-04T10:52:06.981592,1, 299, 1615075502, 0, 0, -17000, 0, 0, 0, 0, 5617, 103, 92, -33.00
2026-01-04T10:52:07.982096,1, 300, 1615075503, 0, 0, -17000, 0, 0, 0, 0, 5587, 102, 91, -33.00
2026-01-04T10:52:08.978032,1, 301, 1615075504, 0, 0, -17000, 0, 0, 0, 0, 5607, 102, 92, -32.00
2026-01-04T10:52:09.989455,1, 302, 1615075505, 0, 0, -17000, 0, 0, 0, 0, 5617, 103, 91, -33.00
2026-01-04T10:52:10.989243,1, 303, 1615075506, 0, 0, -17000, 0, 0, 0, 0, 5637, 104, 91, -33.00
2026-01-04T10:52:11.979619,1, 304, 1615075507, 0, 0, -17000, 0, 0, 0, 0, 5617, 102, 91, -33.00
2026-01-04T10:52:12.981509,1, 305, 1615075508, 0, 0, -17000, 0, 0, 0, 0, 5657, 102, 91, -33.00
2026-01-04T10:52:13.991024,1, 306, 1615075509, 0, 0, -17000, 0, 0, 0, 0, 5678, 108, 91, -33.00
2026-01-04T10:52:15.000105,1, 307, 1615075510, 0, 0, -17000, 0, 0, 0, 0, 5748, 101, 91, -33.00
2026-01-04T10:52:15.994764,1, 308, 1615075511, 0, 0, -17000, 0, 0, 0, 0, 5799, 103, 90, -33.00
2026-01-04T10:52:16.985611,1, 309, 1615075512, 0, 0, -17000, 0, 0, 0, 0, 5809, 104, 91, -34.00
2026-01-04T10:52:17.981797,1, 310, 1615075513, 0, 0, -17000, 0, 0, 0, 0, 5779, 102, 91, -30.00
2026-01-04T10:52:18.983886,1, 311, 1615075514, 0, 0, -17000, 0, 0, 0, 0, 5758, 102, 92, -29.00
2026-01-04T10:52:19.980122,1, 312, 1615075515, 0, 0, -17000, 0, 0, 0, 0, 5758, 105, 91, -30.00
2026-01-04T10:52:20.987086,1, 313, 1615075516, 0, 0, -17000, 0, 0, 0, 0, 5758, 104, 91, -30.00
2026-01-04T10:52:21.984048,1, 314, 1615075517, 0, 0, -17000, 0, 0, 0, 0, 5789, 101, 90, -31.00
2026-01-04T10:52:22.988203,1, 315, 1615075518, 0, 0, -17000, 0, 0, 0, 0, 5738, 105, 91, -31.00
2026-01-04T10:52:23.984489,1, 316, 1615075519, 0, 0, -17000, 0, 0, 0, 0, 5718, 103, 92, -30.00
2026-01-04T10:52:24.984352,1, 317, 1615075520, 0, 0, -17000, 0, 0, 0, 0, 5718, 103, 91, -29.00
2026-01-04T10:52:25.978295,1, 318, 1615075521, 0, 0, -17000, 0, 0, 0, 0, 5718, 103, 91, -27.00
2026-01-04T10:52:26.984854,1, 319, 1615075522, 0, 0, -17000, 0, 0, 0, 0, 5708, 103, 91, -32.00
2026-01-04T10:52:27.983523,1, 320, 1615075523, 0, 0, -17000, 0, 0, 0, 0, 5698, 104, 88, -33.00
2026-01-04T10:52:28.984413,1, 321, 1615075524, 0, 0, -17000, 0, 0, 0, 0, 5688, 103, 91, -32.00
2026-01-04T10:52:29.985877,1, 322, 1615075525, 0, 0, -17000, 0, 0, 0, 0, 5698, 104, 91, -32.00
2026-01-04T10:52:30.988312,1, 323, 1615075526, 0, 0, -17000, 0, 0, 0, 0, 5688, 102, 91, -33.00
2026-01-04T10:52:31.987223,1, 324, 1615075527, 0, 0, -17000, 0, 0, 0, 0, 5698, 102, 91, -33.00
2026-01-04T10:52:32.987582,1, 325, 1615075528, 0, 0, -17000, 0, 0, 0, 0, 5688, 102, 90, -30.00
2026-01-04T10:52:33.979810,1, 326, 1615075529, 0, 0, -17000, 0, 0, 0, 0, 5688, 104, 90, -31.00
2026-01-04T10:52:34.992727,1, 327, 1615075530, 0, 0, -17000, 0, 0, 0, 0, 5688, 105, 90, -32.00
2026-01-04T10:52:35.979008,1, 328, 1615075531, 0, 0, -17000, 0, 0, 0, 0, 5698, 102, 90, -31.00
2026-01-04T10:52:36.985022,1, 329, 1615075532, 0, 0, -17000, 0, 0, 0, 0, 5678, 102, 91, -31.00
2026-01-04T10:52:37.983744,1, 330, 1615075533, 0, 0, -17000, 0, 0, 0, 0, 5657, 102, 91, -32.00
2026-01-04T10:52:38.985235,1, 331, 1615075534, 0, 0, -17000, 0, 0, 0, 0, 5647, 104, 91, -32.00
2026-01-04T10:52:39.977675,1, 332, 1615075535, 0, 0, -17000, 0, 0, 0, 0, 5627, 103, 90, -31.00
2026-01-04T10:52:40.986285,1, 333, 1615075536, 0, 0, -17000, 0, 0, 0, 0, 5627, 103, 91, -32.00
2026-01-04T10:52:41.979169,1, 334, 1615075537, 0, 0, -17000, 0, 0, 0, 0, 5607, 103, 92, -32.00
2026-01-04T10:52:42.987986,1, 335, 1615075538, 0, 0, -17000, 0, 0, 0, 0, 5597, 104, 91, -31.00
2026-01-04T10:52:43.983523,1, 336, 1615075539, 0, 0, -17000, 0, 0, 0, 0, 5587, 102, 91, -31.00
2026-01-04T10:52:44.978669,1, 337, 1615075540, 0, 0, -17000, 0, 0, 0, 0, 5607, 103, 91, -31.00
2026-01-04T10:52:45.979055,1, 338, 1615075541, 0, 0, -17000, 0, 0, 0, 0, 5597, 103, 91, -37.00
2026-01-04T10:52:46.979424,1, 339, 1615075542, 0, 0, -17000, 0, 0, 0, 0, 5567, 103, 91, -32.00
2026-01-04T10:52:47.981452,1, 340, 1615075543, 0, 0, -17000, 0, 0, 0, 0, 5597, 106, 91, -35.00
2026-01-04T10:52:48.981460,1, 341, 1615075544, 0, 0, -17000, 0, 0, 0, 0, 5617, 105, 91, -43.00
2026-01-04T10:52:49.980089,1, 342, 1615075545, 0, 0, -17000, 0, 0, 0, 0, 5577, 105, 91, -42.00
2026-01-04T10:52:50.980505,1, 343, 1615075546, 0, 0, -17000, 0, 0, 0, 0, 5556, 106, 90, -47.00
2026-01-04T10:52:51.979013,1, 344, 1615075547, 0, 0, -17000, 0, 0, 0, 0, 5587, 104, 91, -43.00
2026-01-04T10:52:52.986007,1, 345, 1615075548, 0, 0, -17000, 0, 0, 0, 0, 5567, 104, 90, -43.00
2026-01-04T10:52:53.978823,1, 346, 1615075549, 0, 0, -17000, 0, 0, 0, 0, 5587, 102, 91, -44.00
2026-01-04T10:52:54.985948,1, 347, 1615075550, 0, 0, -17000, 0, 0, 0, 0, 5607, 104, 91, -44.00
2026-01-04T10:52:55.985808,1, 348, 1615075551, 0, 0, -17000, 0, 0, 0, 0, 5627, 102, 92, -43.00
2026-01-04T10:52:56.980157,1, 349, 1615075552, 0, 0, -17000, 0, 0, 0, 0, 5668, 105, 91, -42.00
2026-01-04T10:52:57.982017,1, 350, 1615075553, 0, 0, -17000, 0, 0, 0, 0, 5688, 102, 91, -41.00
2026-01-04T10:52:58.990055,1, 351, 1615075554, 0, 0, -17000, 0, 0, 0, 0, 5688, 103, 90, -32.00
2026-01-04T10:52:59.981969,1, 352, 1615075555, 0, 0, -17000, 0, 0, 0, 0, 5688, 105, 91, -28.00
2026-01-04T10:53:00.989310,1, 353, 1615075556, 0, 0, -17000, 0, 0, 0, 0, 5698, 102, 90, -29.00
2026-01-04T10:53:01.984929,1, 354, 1615075557, 0, 0, -17000, 0, 0, 0, 0, 5678, 103, 90, -31.00
2026-01-04T10:53:02.988252,1, 355, 1615075558, 0, 0, -17000, 0, 0, 0, 0, 5657, 103, 90, -31.00
2026-01-04T10:53:03.995545,1, 356, 1615075559, 0, 0, -17000, 0, 0, 0, 0, 5637, 101, 91, -33.00
2026-01-04T10:53:04.983838,1, 357, 1615075560, 0, 0, -17000, 0, 0, 0, 0, 5627, 101, 91, -31.00
2026-01-04T10:53:05.989742,1, 358, 1615075561, 0, 0, -17000, 0, 0, 0, 0, 5607, 101, 91, -31.00
2026-01-04T10:53:06.981489,1, 359, 1615075562, 0, 0, -17000, 0, 0, 0, 0, 5617, 101, 90, -30.00
2026-01-04T10:53:07.984257,1, 360, 1615075563, 0, 0, -17000, 0, 0, 0, 0, 5607, 101, 90, -28.00
2026-01-04T10:53:08.984112,1, 361, 1615075564, 0, 0, -17000, 0, 0, 0, 0, 5647, 101, 90, -34.00
2026-01-04T10:53:09.975644,1, 362, 1615075565, 0, 0, -17000, 0, 0, 0, 0, 5617, 103, 91, -36.00
2026-01-04T10:53:10.983680,1, 363, 1615075566, 0, 0, -17000, 0, 0, 0, 0, 5597, 103, 91, -37.00
2026-01-04T10:53:11.977052,1, 364, 1615075567, 0, 0, -17000, 0, 0, 0, 0, 5607, 103, 91, -38.00
2026-01-04T10:53:12.978110,1, 365, 1615075568, 0, 0, -17000, 0, 0, 0, 0, 5607, 103, 91, -39.00
2026-01-04T10:53:13.979732,1, 366, 1615075569, 0, 0, -17000, 0, 0, 0, 0, 5607, 101, 90, -45.00
2026-01-04T10:53:14.983833,1, 367, 1615075570, 0, 0, -17000, 0, 0, 0, 0, 5647, 103, 90, -40.00
2026-01-04T10:53:15.978404,1, 368, 1615075571, 0, 0, -17000, 0, 0, 0, 0, 5617, 102, 91, -42.00
2026-01-04T10:53:16.982277,1, 369, 1615075572, 0, 0, -17000, 0, 0, 0, 0, 5617, 103, 90, -31.00
2026-01-04T10:53:17.990541,1, 370, 1615075573, 0, 0, -17000, 0, 0, 0, 0, 5647, 101, 91, -36.00
2026-01-04T10:53:18.987456,1, 371, 1615075574, 0, 0, -17000, 0, 0, 0, 0, 5627, 102, 90, -35.00
2026-01-04T10:53:19.986904,1, 372, 1615075575, 0, 0, -17000, 0, 0, 0, 0, 5637, 101, 90, -34.00
2026-01-04T10:53:20.990515,1, 373, 1615075576, 0, 0, -17000, 0, 0, 0, 0, 5617, 102, 90, -34.00
2026-01-04T10:53:21.986592,1, 374, 1615075577, 0, 0, -17000, 0, 0, 0, 0, 5617, 101, 90, -34.00
2026-01-04T10:53:22.980100,1, 375, 1615075578, 0, 0, -17000, 0, 0, 0, 0, 5617, 102, 91, -34.00
2026-01-04T10:53:23.986890,1, 376, 1615075579, 0, 0, -17000, 0, 0, 0, 0, 5637, 102, 91, -34.00
2026-01-04T10:53:24.981057,1, 377, 1615075580, 0, 0, -17000, 0, 0, 0, 0, 5617, 101, 90, -33.00
2026-01-04T10:53:26.020440,1, 378, 1615075581, 0, 0, -17000, 0, 0, 0, 0, 5627, 102, 90, -34.00
2026-01-04T10:53:26.995574,1, 379, 1615075582, 0, 0, -17000, 0, 0, 0, 0, 5627, 102, 90, -40.00
2026-01-04T10:53:27.992526,1, 380, 1615075583, 0, 0, -17000, 0, 0, 0, 0, 5637, 102, 90, -45.00
2026-01-04T10:53:28.983336,1, 381, 1615075584, 0, 0, -17000, 0, 0, 0, 0, 5637, 102, 90, -57.00
2026-01-04T10:53:29.986150,1, 382, 1615075585, 0, 0, -17000, 0, 0, 0, 0, 5617, 104, 90, -51.00
2026-01-04T10:53:30.985163,1, 383, 1615075586, 0, 0, -17000, 0, 0, 0, 0, 5617, 104, 89, -51.00
2026-01-04T10:53:31.984807,1, 384, 1615075587, 0, 0, -17000, 0, 0, 0, 0, 5627, 103, 91, -50.00
2026-01-04T10:53:32.978436,1, 385, 1615075588, 0, 0, -17000, 0, 0, 0, 0, 5607, 102, 89, -51.00
2026-01-04T10:53:33.981667,1, 386, 1615075589, 0, 0, -17000, 0, 0, 0, 0, 5627, 103, 90, -50.00
2026-01-04T10:53:34.977508,1, 387, 1615075590, 0, 0, -17000, 0, 0, 0, 0, 5627, 102, 89, -49.00
2026-01-04T10:53:35.981176,1, 388, 1615075591, 0, 0, -17000, 0, 0, 0, 0, 5617, 103, 90, -40.00
2026-01-04T10:53:36.977315,1, 389, 1615075592, 0, 0, -17000, 0, 0, 0, 0, 5627, 102, 90, -43.00
2026-01-04T10:53:37.981330,1, 390, 1615075593, 0, 0, -17000, 0, 0, 0, 0, 5627, 102, 90, -40.00
2026-01-04T10:53:38.983921,1, 391, 1615075594, 0, 0, -17000, 0, 0, 0, 0, 5627, 102, 90, -39.00
2026-01-04T10:53:39.975828,1, 392, 1615075595, 0, 0, -17000, 0, 0, 0, 0, 5627, 102, 90, -39.00
2026-01-04T10:53:40.980212,1, 393, 1615075596, 0, 0, -17000, 0, 0, 0, 0, 5577, 102, 90, -41.00
2026-01-04T10:53:41.985738,1, 394, 1615075597, 0, 0, -17000, 0, 0, 0, 0, 5597, 103, 90, -41.00
2026-01-04T10:53:42.985641,1, 395, 1615075598, 0, 0, -17000, 0, 0, 0, 0, 5597, 104, 89, -41.00
2026-01-04T10:53:43.998260,1, 396, 1615075599, 0, 0, -17000, 0, 0, 0, 0, 5617, 102, 90, -43.00
2026-01-04T10:53:44.986518,1, 397, 1615075600, 0, 0, -17000, 0, 0, 0, 0, 5587, 103, 90, -36.00
2026-01-04T10:53:45.986393,1, 398, 1615075601, 0, 0, -17000, 0, 0, 0, 0, 5627, 104, 90, -46.00
2026-01-04T10:53:46.985369,1, 399, 1615075602, 0, 0, -17000, 0, 0, 0, 0, 5617, 103, 90, -37.00
2026-01-04T10:53:47.984767,1, 400, 1615075603, 0, 0, -17000, 0, 0, 0, 0, 5607, 103, 90, -35.00
2026-01-04T10:53:48.999153,1, 401, 1615075604, 0, 0, -17000, 0, 0, 0, 0, 5617, 103, 90, -35.00
2026-01-04T10:53:49.980705,1, 402, 1615075605, 0, 0, -17000, 0, 0, 0, 0, 5607, 101, 90, -34.00
2026-01-04T10:53:50.984295,1, 403, 1615075606, 0, 0, -17000, 0, 0, 0, 0, 5597, 104, 90, -35.00
2026-01-04T10:53:51.983938,1, 404, 1615075607, 0, 0, -17000, 0, 0, 0, 0, 5617, 102, 89, -35.00
2026-01-04T10:53:52.991120,1, 405, 1615075608, 0, 0, -17000, 0, 0, 0, 0, 5617, 101, 90, -35.00
2026-01-04T10:53:53.978673,1, 406, 1615075609, 0, 0, -17000, 0, 0, 0, 0, 5637, 101, 89, -34.00
2026-01-04T10:53:54.985386,1, 407, 1615075610, 0, 0, -17000, 0, 0, 0, 0, 5637, 102, 89, -34.00
2026-01-04T10:53:55.986673,1, 408, 1615075611, 0, 0, -17000, 0, 0, 0, 0, 5647, 102, 89, -35.00
2026-01-04T10:53:56.985418,1, 409, 1615075612, 0, 0, -17000, 0, 0, 0, 0, 5657, 101, 90, -36.00
2026-01-04T10:53:57.977293,1, 410, 1615075613, 0, 0, -17000, 0, 0, 0, 0, 5637, 102, 90, -42.00
2026-01-04T10:53:58.978631,1, 411, 1615075614, 0, 0, -17000, 0, 0, 0, 0, 5637, 103, 90, -33.00
2026-01-04T10:53:59.981577,1, 412, 1615075615, 0, 0, -17000, 0, 0, 0, 0, 5637, 102, 90, -32.00
2026-01-04T10:54:00.977156,1, 413, 1615075616, 0, 0, -17000, 0, 0, 0, 0, 5657, 102, 90, -33.00
2026-01-04T10:54:01.986971,1, 414, 1615075617, 0, 0, -17000, 0, 0, 0, 0, 5647, 103, 90, -33.00
2026-01-04T10:54:02.988790,1, 415, 1615075618, 0, 0, -17000, 0, 0, 0, 0, 5668, 102, 90, -33.00
2026-01-04T10:54:04.984382,1, 417, 1615075620, 0, 0, -17000, 0, 0, 0, 0, 5668, 102, 90, -33.00
2026-01-04T10:54:05.984604,1, 418, 1615075621, 0, 0, -17000, 0, 0, 0, 0, 5688, 102, 89, -33.00
2026-01-04T10:54:06.986928,1, 419, 1615075622, 0, 0, -17000, 0, 0, 0, 0, 5688, 102, 89, -33.00
2026-01-04T10:54:07.979124,1, 420, 1615075623, 0, 0, -17000, 0, 0, 0, 0, 5688, 101, 90, -33.00
2026-01-04T10:54:08.980768,1, 421, 1615075624, 0, 0, -17000, 0, 0, 0, 0, 5698, 102, 90, -33.00
2026-01-04T10:54:09.984108,1, 422, 1615075625, 0, 0, -17000, 0, 0, 0, 0, 5688, 101, 88, -32.00
2026-01-04T10:54:10.986600,1, 423, 1615075626, 0, 0, -17000, 0, 0, 0, 0, 5728, 102, 89, -33.00
2026-01-04T10:54:11.978373,1, 424, 1615075627, 0, 0, -17000, 0, 0, 0, 0, 5718, 101, 90, -32.00
2026-01-04T10:54:12.984022,1, 425, 1615075628, 0, 0, -17000, 0, 0, 0, 0, 5728, 101, 89, -33.00
2026-01-04T10:54:13.986082,1, 426, 1615075629, 0, 0, -17000, 0, 0, 0, 0, 5708, 101, 90, -33.00
2026-01-04T10:54:15.986174,1, 428, 1615075631, 0, 0, -17000, 0, 0, 0, 0, 5668, 101, 89, -33.00
2026-01-04T10:54:17.985063,1, 430, 1615075633, 0, 0, -17000, 0, 0, 0, 0, 5668, 101, 89, -33.00
2026-01-04T10:54:18.984513,1, 431, 1615075634, 0, 0, -17000, 0, 0, 0, 0, 5657, 101, 90, -33.00
2026-01-04T10:54:19.980184,1, 432, 1615075635, 0, 0, -17000, 0, 0, 0, 0, 5657, 102, 90, -34.00
2026-01-04T10:54:20.980115,1, 433, 1615075636, 0, 0, -17000, 0, 0, 0, 0, 5668, 102, 90, -34.00
2026-01-04T10:54:21.976750,1, 434, 1615075637, 0, 0, -17000, 0, 0, 0, 0, 5657, 102, 89, -34.00
2026-01-04T10:54:22.981205,1, 435, 1615075638, 0, 0, -17000, 0, 0, 0, 0, 5647, 100, 89, -34.00
2026-01-04T10:54:23.972960,1, 436, 1615075639, 0, 0, -17000, 0, 0, 0, 0, 5657, 100, 90, -35.00
2026-01-04T10:54:24.982149,1, 437, 1615075640, 0, 0, -17000, 0, 0, 0, 0, 5657, 102, 89, -35.00
2026-01-04T10:54:25.981710,1, 438, 1615075641, 0, 0, -17000, 0, 0, 0, 0, 5647, 102, 88, -35.00
2026-01-04T10:54:26.985513,1, 439, 1615075642, 0, 0, -17000, 0, 0, 0, 0, 5647, 103, 88, -33.00
2026-01-04T10:54:27.977315,1, 440, 1615075643, 0, 0, -17000, 0, 0, 0, 0, 5668, 102, 89, -35.00
2026-01-04T10:54:28.980164,1, 441, 1615075644, 0, 0, -17000, 0, 0, 0, 0, 5678, 102, 89, -35.00
2026-01-04T10:54:29.976374,1, 442, 1615075645, 0, 0, -17000, 0, 0, 0, 0, 5668, 101, 89, -39.00
2026-01-04T10:54:30.981702,1, 443, 1615075646, 0, 0, -17000, 0, 0, 0, 0, 5678, 101, 90, -38.00
2026-01-04T10:54:31.989826,1, 444, 1615075647, 0, 0, -17000, 0, 0, 0, 0, 5688, 103, 90, -40.00
2026-01-04T10:54:32.983166,1, 445, 1615075648, 0, 0, -17000, 0, 0, 0, 0, 5718, 102, 89, -38.00
2026-01-04T10:54:33.983376,1, 446, 1615075649, 0, 0, -17000, 0, 0, 0, 0, 5718, 100, 89, -38.00
2026-01-04T10:54:34.981223,1, 447, 1615075650, 0, 0, -17000, 0, 0, 0, 0, 5738, 101, 89, -38.00
2026-01-04T10:54:35.985867,1, 448, 1615075651, 0, 0, -17000, 0, 0, 0, 0, 5748, 102, 90, -38.00
2026-01-04T10:54:36.980904,1, 449, 1615075652, 0, 0, -17000, 0, 0, 0, 0, 5748, 102, 89, -39.00
2026-01-04T10:54:37.990245,1, 450, 1615075653, 0, 0, -17000, 0, 0, 0, 0, 5748, 100, 89, -38.00
2026-01-04T10:54:38.979272,1, 451, 1615075654, 0, 0, -17000, 0, 0, 0, 0, 5748, 101, 90, -38.00
2026-01-04T10:54:39.987549,1, 452, 1615075655, 0, 0, -17000, 0, 0, 0, 0, 5748, 101, 89, -33.00
2026-01-04T10:54:40.980269,1, 453, 1615075656, 0, 0, -17000, 0, 0, 0, 0, 5738, 101, 89, -35.00
2026-01-04T10:54:41.986311,1, 454, 1615075657, 0, 0, -17000, 0, 0, 0, 0, 5718, 102, 89, -35.00
2026-01-04T10:54:42.980286,1, 455, 1615075658, 0, 0, -17000, 0, 0, 0, 0, 5688, 101, 89, -35.00
2026-01-04T10:54:43.984415,1, 456, 1615075659, 0, 0, -17000, 0, 0, 0, 0, 5688, 101, 89, -36.00
2026-01-04T10:54:44.984162,1, 457, 1615075660, 0, 0, -17000, 0, 0, 0, 0, 5698, 102, 89, -34.00
2026-01-04T10:54:45.983744,1, 458, 1615075661, 0, 0, -17000, 0, 0, 0, 0, 5688, 101, 89, -35.00
2026-01-04T10:54:46.976171,1, 459, 1615075662, 0, 0, -17000, 0, 0, 0, 0, 5698, 102, 89, -35.00
2026-01-04T10:54:47.979636,1, 460, 1615075663, 0, 0, -17000, 0, 0, 0, 0, 5668, 101, 90, -35.00
2026-01-04T10:54:48.984271,1, 461, 1615075664, 0, 0, -17000, 0, 0, 0, 0, 5657, 101, 89, -41.00
2026-01-04T10:54:49.976769,1, 462, 1615075665, 0, 0, -17000, 0, 0, 0, 0, 5698, 102, 89, -41.00
2026-01-04T10:54:50.981126,1, 463, 1615075666, 0, 0, -17000, 0, 0, 0, 0, 5748, 103, 90, -40.00
2026-01-04T10:54:51.976195,1, 464, 1615075667, 0, 0, -17000, 0, 0, 0, 0, 5799, 102, 90, -41.00
2026-01-04T10:54:52.981430,1, 465, 1615075668, 0, 0, -17000, 0, 0, 0, 0, 5758, 101, 89, -39.00
2026-01-04T10:54:53.979142,1, 466, 1615075669, 0, 0, -17000, 0, 0, 0, 0, 5779, 100, 90, -38.00
2026-01-04T10:54:54.981237,1, 467, 1615075670, 0, 0, -17000, 0, 0, 0, 0, 5789, 102, 89, -34.00
2026-01-04T10:54:55.988902,1, 468, 1615075671, 0, 0, -17000, 0, 0, 0, 0, 5809, 101, 89, -35.00
2026-01-04T10:54:56.981104,1, 469, 1615075672, 0, 0, -17000, 0, 0, 0, 0, 5789, 101, 90, -35.00
2026-01-04T10:54:57.988097,1, 470, 1615075673, 0, 0, -17000, 0, 0, 0, 0, 5799, 100, 90, -35.00
2026-01-04T10:54:58.979985,1, 471, 1615075674, 0, 0, -17000, 0, 0, 0, 0, 5768, 99, 89, -35.00
2026-01-04T10:54:59.986071,1, 472, 1615075675, 0, 0, -17000, 0, 0, 0, 0, 5768, 101, 90, -36.00
2026-01-04T10:55:00.986267,1, 473, 1615075676, 0, 0, -17000, 0, 0, 0, 0, 5758, 101, 90, -35.00
2026-01-04T10:55:01.989068,1, 474, 1615075677, 0, 0, -17000, 0, 0, 0, 0, 5738, 102, 90, -35.00
2026-01-04T10:55:02.989204,1, 475, 1615075678, 0, 0, -17000, 0, 0, 0, 0, 5728, 101, 90, -35.00
2026-01-04T10:55:03.997147,1, 476, 1615075679, 0, 0, -17000, 0, 0, 0, 0, 5708, 101, 89, -37.00
2026-01-04T10:55:04.978899,1, 477, 1615075680, 0, 0, -17000, 0, 0, 0, 0, 5728, 100, 89, -34.00
2026-01-04T10:55:05.984053,1, 478, 1615075681, 0, 0, -17000, 0, 0, 0, 0, 5728, 100, 89, -34.00
2026-01-04T10:55:06.984122,1, 479, 1615075682, 0, 0, -17000, 0, 0, 0, 0, 5718, 101, 89, -35.00
2026-01-04T10:55:07.984677,1, 480, 1615075683, 0, 0, -17000, 0, 0, 0, 0, 5708, 101, 89, -37.00
2026-01-04T10:55:08.979006,1, 481, 1615075684, 0, 0, -17000, 0, 0, 0, 0, 5738, 100, 89, -38.00
2026-01-04T10:55:09.983418,1, 482, 1615075685, 0, 0, -17000, 0, 0, 0, 0, 5738, 100, 89, -39.00
2026-01-04T10:55:10.979994,1, 483, 1615075686, 0, 0, -17000, 0, 0, 0, 0, 5748, 100, 89, -41.00
2026-01-04T10:55:11.981559,1, 484, 1615075687, 0, 0, -17000, 0, 0, 0, 0, 5748, 100, 89, -41.00
2026-01-04T10:55:12.979400,1, 485, 1615075688, 0, 0, -17000, 0, 0, 0, 0, 5748, 100, 89, -39.00
2026-01-04T10:55:13.980351,1, 486, 1615075689, 0, 0, -17000, 0, 0, 0, 0, 5728, 99, 88, -36.00
2026-01-04T10:55:14.986253,1, 487, 1615075690, 0, 0, -17000, 0, 0, 0, 0, 5748, 100, 89, -37.00
2026-01-04T10:55:15.986806,1, 488, 1615075691, 0, 0, -17000, 0, 0, 0, 0, 5748, 100, 89, -40.00
2026-01-04T10:55:16.979297,1, 489, 1615075692, 0, 0, -17000, 0, 0, 0, 0, 5738, 99, 88, -39.00
2026-01-04T10:55:17.980675,1, 490, 1615075693, 0, 0, -17000, 0, 0, 0, 0, 5738, 100, 89, -38.00
2026-01-04T10:55:18.994716,1, 491, 1615075694, 0, 0, -17000, 0, 0, 0, 0, 5748, 101, 89, -37.00
2026-01-04T10:55:20.003136,1, 492, 1615075695, 0, 0, -17000, 0, 0, 0, 0, 5748, 100, 89, -37.00
2026-01-04T10:55:20.983290,1, 493, 1615075696, 0, 0, -17000, 0, 0, 0, 0, 5758, 101, 89, -37.00
2026-01-04T10:55:21.985690,1, 494, 1615075697, 0, 0, -17000, 0, 0, 0, 0, 5748, 100, 88, -38.00
2026-01-04T10:55:22.992147,1, 495, 1615075698, 0, 0, -17000, 0, 0, 0, 0, 5779, 99, 89, -34.00
2026-01-04T10:55:23.982477,1, 496, 1615075699, 0, 0, -17000, 0, 0, 0, 0, 5779, 99, 89, -37.00
2026-01-04T10:55:24.993579,1, 497, 1615075700, 0, 0, -17000, 0, 0, 0, 0, 5779, 101, 88, -36.00
2026-01-04T10:55:25.992319,1, 498, 1615075701, 0, 0, -17000, 0, 0, 0, 0, 5789, 99, 89, -36.00
2026-01-04T10:55:26.984903,1, 499, 1615075702, 0, 0, -17000, 0, 0, 0, 0, 5789, 101, 88, -34.00
2026-01-04T10:55:27.989020,1, 500, 1615075703, 0, 0, -17000, 0, 0, 0, 0, 5809, 100, 89, -32.00
2026-01-04T10:55:28.979356,1, 501, 1615075704, 0, 0, -17000, 0, 0, 0, 0, 5809, 101, 88, -36.00
2026-01-04T10:55:29.984114,1, 502, 1615075705, 0, 0, -17000, 0, 0, 0, 0, 5809, 100, 89, -36.00
2026-01-04T10:55:30.985356,1, 503, 1615075706, 0, 0, -17000, 0, 0, 0, 0, 5789, 100, 89, -36.00
2026-01-04T10:55:31.977997,1, 504, 1615075707, 0, 0, -17000, 0, 0, 0, 0, 5809, 101, 89, -37.00
2026-01-04T10:55:32.983362,1, 505, 1615075708, 0, 0, -17000, 0, 0, 0, 0, 5809, 100, 89, -36.00
2026-01-04T10:55:33.989579,1, 506, 1615075709, 0, 0, -17000, 0, 0, 0, 0, 5779, 101, 88, -36.00
2026-01-04T10:55:34.976188,1, 507, 1615075710, 0, 0, -17000, 0, 0, 0, 0, 5789, 99, 89, -36.00
2026-01-04T10:55:35.979488,1, 508, 1615075711, 0, 0, -17000, 0, 0, 0, 0, 5779, 100, 89, -35.00
2026-01-04T10:55:37.974485,1, 510, 1615075713, 0, 0, -17000, 0, 0, 0, 0, 5758, 100, 89, -36.00
2026-01-04T10:55:38.979468,1, 511, 1615075714, 0, 0, -17000, 0, 0, 0, 0, 5758, 99, 89, -36.00
2026-01-04T10:55:39.980784,1, 512, 1615075715, 0, 0, -17000, 0, 0, 0, 0, 5758, 100, 88, -36.00
2026-01-04T10:55:40.980293,1, 513, 1615075716, 0, 0, -17000, 0, 0, 0, 0, 5768, 101, 89, -35.00
2026-01-04T10:55:41.984539,1, 514, 1615075717, 0, 0, -17000, 0, 0, 0, 0, 5768, 101, 89, -34.00
2026-01-04T10:55:42.977192,1, 515, 1615075718, 0, 0, -17000, 0, 0, 0, 0, 5758, 100, 89, -36.00
2026-01-04T10:55:43.979461,1, 516, 1615075719, 0, 0, -17000, 0, 0, 0, 0, 5758, 101, 89, -34.00
2026-01-04T10:55:44.986302,1, 517, 1615075720, 0, 0, -17000, 0, 0, 0, 0, 5779, 101, 89, -35.00
2026-01-04T10:55:45.981702,1, 518, 1615075721, 0, 0, -17000, 0, 0, 0, 0, 5768, 101, 89, -37.00
2026-01-04T10:55:46.980194,1, 519, 1615075722, 0, 0, -17000, 0, 0, 0, 0, 5768, 99, 89, -34.00
2026-01-04T10:55:47.979331,1, 520, 1615075723, 0, 0, -17000, 0, 0, 0, 0, 5768, 100, 88, -35.00
2026-01-04T10:55:48.980257,1, 521, 1615075724, 0, 0, -17000, 0, 0, 0, 0, 5779, 101, 88, -35.00
2026-01-04T10:55:49.989957,1, 522, 1615075725, 0, 0, -17000, 0, 0, 0, 0, 5779, 100, 89, -38.00
2026-01-04T10:55:50.983346,1, 523, 1615075726, 0, 0, -17000, 0, 0, 0, 0, 5779, 100, 89, -36.00
2026-01-04T10:55:51.989295,1, 524, 1615075727, 0, 0, -17000, 0, 0, 0, 0, 5768, 101, 89, -38.00
2026-01-04T10:55:52.983880,1, 525, 1615075728, 0, 0, -17000, 0, 0, 0, 0, 5758, 102, 89, -38.00
2026-01-04T10:55:53.987933,1, 526, 1615075729, 0, 0, -17000, 0, 0, 0, 0, 5738, 101, 89, -38.00
2026-01-04T10:55:54.984049,1, 527, 1615075730, 0, 0, -17000, 0, 0, 0, 0, 5728, 100, 89, -37.00
2026-01-04T10:55:55.978870,1, 528, 1615075731, 0, 0, -17000, 0, 0, 0, 0, 5718, 101, 89, -42.00
2026-01-04T10:55:56.985589,1, 529, 1615075732, 0, 0, -17000, 0, 0, 0, 0, 5708, 100, 89, -44.00
2026-01-04T10:55:57.978604,1, 530, 1615075733, 0, 0, -17000, 0, 0, 0, 0, 5718, 100, 88, -49.00
2026-01-04T10:55:58.991915,1, 531, 1615075734, 0, 0, -17000, 0, 0, 0, 0, 5718, 100, 88, -42.00
2026-01-04T10:55:59.985567,1, 532, 1615075735, 0, 0, -17000, 0, 0, 0, 0, 5688, 100, 89, -37.00
2026-01-04T10:56:00.980514,1, 533, 1615075736, 0, 0, -17000, 0, 0, 0, 0, 5678, 102, 89, -37.00
2026-01-04T10:56:01.980770,1, 534, 1615075737, 0, 0, -17000, 0, 0, 0, 0, 5698, 101, 89, -35.00
2026-01-04T10:56:02.985337,1, 535, 1615075738, 0, 0, -17000, 0, 0, 0, 0, 5718, 101, 90, -36.00
2026-01-04T10:56:03.980741,1, 536, 1615075739, 0, 0, -17000, 0, 0, 0, 0, 5708, 101, 89, -38.00
2026-01-04T10:56:04.987724,1, 537, 1615075740, 0, 0, -17000, 0, 0, 0, 0, 5708, 100, 89, -38.00
2026-01-04T10:56:05.980675,1, 538, 1615075741, 0, 0, -17000, 0, 0, 0, 0, 5728, 102, 89, -38.00
2026-01-04T10:56:06.984313,1, 539, 1615075742, 0, 0, -17000, 0, 0, 0, 0, 5718, 101, 88, -35.00
2026-01-04T10:56:07.988115,1, 540, 1615075743, 0, 0, -17000, 0, 0, 0, 0, 5738, 101, 89, -40.00
2026-01-04T10:56:08.978931,1, 541, 1615075744, 0, 0, -17000, 0, 0, 0, 0, 5748, 101, 88, -44.00
2026-01-04T10:56:09.981882,1, 542, 1615075745, 0, 0, -17000, 0, 0, 0, 0, 5738, 100, 89, -41.00
2026-01-04T10:56:10.989324,1, 543, 1615075746, 0, 0, -17000, 0, 0, 0, 0, 5748, 100, 88, -40.00
2026-01-04T10:56:11.979195,1, 544, 1615075747, 0, 0, -17000, 0, 0, 0, 0, 5748, 101, 89, -40.00
2026-01-04T10:56:12.978535,1, 545, 1615075748, 0, 0, -17000, 0, 0, 0, 0, 5748, 100, 88, -41.00
2026-01-04T10:56:13.979231,1, 546, 1615075749, 0, 0, -17000, 0, 0, 0, 0, 5738, 100, 88, -42.00
2026-01-04T10:56:14.989825,1, 547, 1615075750, 0, 0, -17000, 0, 0, 0, 0, 5728, 101, 88, -43.00
2026-01-04T10:56:15.977484,1, 548, 1615075751, 0, 0, -17000, 0, 0, 0, 0, 5718, 100, 89, -42.00
2026-01-04T10:56:16.978649,1, 549, 1615075752, 0, 0, -17000, 0, 0, 0, 0, 5738, 102, 87, -42.00
2026-01-04T10:56:17.984889,1, 550, 1615075753, 0, 0, -17000, 0, 0, 0, 0, 5718, 101, 89, -39.00
2026-01-04T10:56:18.978467,1, 551, 1615075754, 0, 0, -17000, 0, 0, 0, 0, 5718, 100, 89, -40.00
2026-01-04T10:56:19.978339,1, 552, 1615075755, 0, 0, -17000, 0, 0, 0, 0, 5708, 101, 88, -37.00
2026-01-04T10:56:20.978347,1, 553, 1615075756, 0, 0, -17000, 0, 0, 0, 0, 5728, 100, 88, -40.00
2026-01-04T10:56:21.982736,1, 554, 1615075757, 0, 0, -17000, 0, 0, 0, 0, 5738, 101, 88, -40.00
2026-01-04T10:56:22.975894,1, 555, 1615075758, 0, 0, -17000, 0, 0, 0, 0, 5728, 100, 88, -40.00
2026-01-04T10:56:23.980725,1, 556, 1615075759, 0, 0, -17000, 0, 0, 0, 0, 5738, 99, 89, -40.00
2026-01-04T10:56:24.975290,1, 557, 1615075760, 0, 0, -17000, 0, 0, 0, 0, 5738, 101, 89, -40.00
2026-01-04T10:56:25.982615,1, 558, 1615075761, 0, 0, -17000, 0, 0, 0, 0, 5728, 100, 88, -40.00
2026-01-04T10:56:26.983331,1, 559, 1615075762, 0, 0, -17000, 0, 0, 0, 0, 5728, 100, 89, -40.00
2026-01-04T10:56:27.985160,1, 560, 1615075763, 0, 0, -17000, 0, 0, 0, 0, 5738, 101, 89, -40.00
2026-01-04T10:56:28.983283,1, 561, 1615075764, 0, 0, -17000, 0, 0, 0, 0, 5728, 101, 88, -35.00
2026-01-04T10:56:29.985694,1, 562, 1615075765, 0, 0, -17000, 0, 0, 0, 0, 5738, 101, 88, -38.00
2026-01-04T10:56:30.983748,1, 563, 1615075766, 0, 0, -17000, 0, 0, 0, 0, 5738, 101, 89, -37.00
2026-01-04T10:56:31.983395,1, 564, 1615075767, 0, 0, -17000, 0, 0, 0, 0, 5728, 100, 88, -37.00
2026-01-04T10:56:32.978384,1, 565, 1615075768, 0, 0, -17000, 0, 0, 0, 0, 5738, 101, 88, -35.00
2026-01-04T10:56:33.982094,1, 566, 1615075769, 0, 0, -17000, 0, 0, 0, 0, 5779, 103, 88, -36.00
2026-01-04T10:56:34.986220,1, 567, 1615075770, 0, 0, -17000, 0, 0, 0, 0, 5829, 103, 89, -35.00
2026-01-04T10:56:35.985806,1, 568, 1615075771, 0, 0, -17000, 0, 0, 0, 0, 5890, 102, 89, -34.00
2026-01-04T10:56:36.978562,1, 569, 1615075772, 0, 0, -17000, 0, 0, 0, 0, 5950, 102, 89, -38.00
2026-01-04T10:56:37.985891,1, 570, 1615075773, 0, 0, -17000, 0, 0, 0, 0, 5920, 102, 88, -36.00
2026-01-04T10:56:38.984093,1, 571, 1615075774, 0, 0, -17000, 0, 0, 0, 0, 5890, 102, 88, -41.00
2026-01-04T10:56:39.986958,1, 572, 1615075775, 0, 0, -17000, 0, 0, 0, 0, 5870, 102, 89, -37.00
2026-01-04T10:56:40.979290,1, 573, 1615075776, 0, 0, -17000, 0, 0, 0, 0, 5849, 102, 88, -36.00
2026-01-04T10:56:41.987257,1, 574, 1615075777, 0, 0, -17000, 0, 0, 0, 0, 5809, 102, 87, -38.00
2026-01-04T10:56:42.987950,1, 575, 1615075778, 0, 0, -17000, 0, 0, 0, 0, 5799, 102, 88, -38.00
2026-01-04T10:56:43.979420,1, 576, 1615075779, 0, 0, -17000, 0, 0, 0, 0, 5768, 102, 88, -39.00
