timestamp,serial_number,packet_counter,unix_time,lat,lon,alt_m,vspeed_ms,espeed_ms,nspeed_ms,satellites,temp_c,rh_percent,battery_v,rssi_dbm,pressure_hpa,dewpoint_c,mixing_ratio,theta,theta_e
2026-01-03T23:12:03.072183,1,808,1767478322,0.0,0.0,-17.0,0.0,0.0,0.0,0,17.584375,57.0,0.28470588235294114,-62,1034.0,8.960754812397255,6.9665549319290125,287.9675222084313,305.6785040813349
2026-01-03T23:12:04.081019,1,809,1767478323,0.0,0.0,-17.0,0.0,0.0,0.0,0,17.615625,57.0,0.28470588235294114,-62,1034.0,8.989971504394054,6.980462941485634,287.9984748093029,305.74581350787145
2026-01-03T23:12:05.077309,1,810,1767478324,0.0,0.0,-17.0,0.0,0.0,0.0,0,17.553125,57.5,0.28470588235294114,-62,1034.0,9.06112822525464,7.014347737947078,287.93656960755976,305.7727576774297
2026-01-03T23:12:06.071288,1,811,1767478325,0.0,0.0,-17.0,0.0,0.0,0.0,0,17.553125,57.0,0.28470588235294114,-61,1034.0,8.931537888711265,6.952671619542908,287.93656960755976,305.61126318826746
2026-01-03T23:12:07.076675,1,812,1767478326,0.0,0.0,-17.0,0.0,0.0,0.0,0,17.553125,57.5,0.28470588235294114,-61,1034.0,9.06112822525464,7.014347737947078,287.93656960755976,305.7727576774297
2026-01-03T23:12:08.065648,1,813,1767478327,0.0,0.0,-17.0,0.0,0.0,0.0,0,17.459375,57.5,0.28470588235294114,-61,1034.0,8.97338592519874,6.972473355565726,287.84371180494514,305.5704160585886
2026-01-03T23:12:09.076243,1,814,1767478328,0.0,0.0,-17.0,0.0,0.0,0.0,0,17.396875,57.0,0.28470588235294114,-61,1034.0,8.785449794847088,6.883624159713927,287.781806603202,305.2760824446828
2026-01-03T23:12:10.080610,1,815,1767478329,0.0,0.0,-17.0,0.0,0.0,0.0,0,17.396875,57.5,0.28470588235294114,-62,1034.0,8.914889916238497,6.944681005222066,287.781806603202,305.4358655513867
2026-01-03T23:12:11.082593,1,816,1767478330,0.0,0.0,-17.0,0.0,0.0,0.0,0,17.396875,57.5,0.28470588235294114,-63,1034.0,8.914889916238497,6.944681005222066,287.781806603202,305.4358655513867
2026-01-03T23:12:12.072139,1,817,1767478331,0.0,0.0,-17.0,0.0,0.0,0.0,0,17.33125,57.5,0.28470588235294114,-62,1034.0,8.853468123320283,6.915605322633436,287.7168061413718,305.2948823683084
2026-01-03T23:12:13.077790,1,818,1767478332,0.0,0.0,-17.0,0.0,0.0,0.0,0,17.33125,57.0,0.28470588235294114,-63,1034.0,8.724091068077833,6.854806893307069,287.7168061413718,305.13581287078335
2026-01-03T23:12:14.082252,1,819,1767478333,0.0,0.0,-17.0,0.0,0.0,0.0,0,17.396875,57.0,0.28470588235294114,-63,1034.0,8.785449794847088,6.883624159713927,287.781806603202,305.2760824446828
2026-01-03T23:12:15.082312,1,820,1767478334,0.0,0.0,-17.0,0.0,0.0,0.0,0,17.396875,57.5,0.2717647058823529,-64,1034.0,8.914889916238497,6.944681005222066,287.781806603202,305.4358655513867
2026-01-03T23:12:16.081945,1,821,1767478335,0.0,0.0,-17.0,0.0,0.0,0.0,0,17.26875,57.0,0.28470588235294114,-64,1034.0,8.665653235423633,6.827461859867162,287.6549009396287,305.0024997619953
2026-01-03T23:12:17.070698,1,822,1767478336,0.0,0.0,-17.0,0.0,0.0,0.0,0,17.26875,58.0,0.28470588235294114,-64,1034.0,8.923298785690621,6.9485799972211595,287.6549009396287,305.31939794194517
2026-01-03T23:12:18.092706,1,823,1767478337,0.0,0.0,-17.0,0.0,0.0,0.0,0,17.2375,57.5,0.2717647058823529,-65,1034.0,8.765720957116612,6.874256800327684,287.62394833875715,305.0939995533208
2026-01-03T23:12:19.081197,1,824,1767478338,0.0,0.0,-17.0,0.0,0.0,0.0,0,17.2375,57.5,0.28470588235294114,-64,1034.0,8.765720957116612,6.874256800327684,287.62394833875715,305.0939995533208
2026-01-03T23:12:20.073631,1,825,1767478339,0.0,0.0,-17.0,0.0,0.0,0.0,0,17.2375,57.5,0.28470588235294114,-65,1034.0,8.765720957116612,6.874256800327684,287.62394833875715,305.0939995533208
2026-01-03T23:12:21.069822,1,826,1767478340,0.0,0.0,-17.0,0.0,0.0,0.0,0,17.20625,57.5,0.28470588235294114,-65,1034.0,8.73647144477664,6.860522996301497,287.5929957378856,305.0271745196254
2026-01-03T23:12:22.083718,1,827,1767478341,0.0,0.0,-17.0,0.0,0.0,0.0,0,17.175,57.5,0.28470588235294114,-64,1034.0,8.707221703962833,6.846813646352231,287.5620431370141,304.9604172356486
2026-01-03T23:12:23.063232,1,828,1767478342,0.0,0.0,-17.0,0.0,0.0,0.0,0,17.14375,57.5,0.28470588235294114,-64,1034.0,8.67797173467251,6.833128711985082,287.53109053614253,304.89372758016697
2026-01-03T23:12:24.079424,1,829,1767478343,0.0,0.0,-17.0,0.0,0.0,0.0,0,17.14375,57.5,0.28470588235294114,-64,1034.0,8.67797173467251,6.833128711985082,287.53109053614253,304.89372758016697
2026-01-03T23:12:25.068109,1,830,1767478344,0.0,0.0,-17.0,0.0,0.0,0.0,0,17.175,58.0,0.28470588235294114,-60,1034.0,8.835460841142833,6.907012291872247,287.5620431370141,305.11791129378594
2026-01-03T23:12:36.070958,1,841,1767478355,0.0,0.0,-17.0,0.0,0.0,0.0,0,17.2375,57.5,0.28470588235294114,-63,1034.0,8.765720957116612,6.874256800327684,287.62394833875715,305.0939995533208
2026-01-03T23:12:37.074408,1,842,1767478356,0.0,0.0,-17.0,0.0,0.0,0.0,0,17.26875,57.5,0.28470588235294114,-64,1034.0,8.794970240985428,6.888015096980072,287.6549009396287,305.160892458182
2026-01-03T23:12:38.074718,1,843,1767478357,0.0,0.0,-17.0,0.0,0.0,0.0,0,17.20625,57.5,0.28470588235294114,-63,1034.0,8.73647144477664,6.860522996301497,287.5929957378856,305.0271745196254
2026-01-03T23:12:39.082241,1,844,1767478358,0.0,0.0,-17.0,0.0,0.0,0.0,0,17.26875,57.0,0.28470588235294114,-64,1034.0,8.665653235423633,6.827461859867162,287.6549009396287,305.0024997619953
2026-01-03T23:12:40.076254,1,845,1767478359,0.0,0.0,-17.0,0.0,0.0,0.0,0,17.2375,57.5,0.28470588235294114,-64,1034.0,8.765720957116612,6.874256800327684,287.62394833875715,305.0939995533208
2026-01-03T23:12:41.075911,1,846,1767478360,0.0,0.0,-17.0,0.0,0.0,0.0,0,17.20625,58.0,0.28470588235294114,-65,1034.0,8.864740381234238,6.920843503916651,287.5929957378856,305.1850050336877
2026-01-03T23:12:42.064046,1,847,1767478361,0.0,0.0,-17.0,0.0,0.0,0.0,0,17.175,57.5,0.28470588235294114,-63,1034.0,8.707221703962833,6.846813646352231,287.5620431370141,304.9604172356486
2026-01-03T23:12:43.074484,1,848,1767478362,0.0,0.0,-17.0,0.0,0.0,0.0,0,17.175,58.5,0.28470588235294114,-63,1034.0,8.96272819550806,6.9672224639637115,287.5620431370141,305.27551686794317
2026-01-03T23:12:44.081933,1,849,1767478363,0.0,0.0,-17.0,0.0,0.0,0.0,0,17.05,58.0,0.28470588235294114,-63,1034.0,8.718340428295082,6.851933434863254,287.43823273352785,304.8502182369282
2026-01-03T23:12:45.078893,1,850,1767478364,0.0,0.0,-17.0,0.0,0.0,0.0,0,16.953125,58.0,0.28470588235294114,-62,1034.0,8.627569629404276,6.809516884071115,287.3422796708261,304.64350292830096
2026-01-03T23:12:46.096867,1,851,1767478365,0.0,0.0,-17.0,0.0,0.0,0.0,0,16.953125,58.5,0.28470588235294114,-62,1034.0,8.754626998081898,6.868867881600033,287.3422796708261,304.7987360736392
2026-01-03T23:12:47.071936,1,852,1767478366,0.0,0.0,-17.0,0.0,0.0,0.0,0,16.953125,58.5,0.28470588235294114,-63,1034.0,8.754626998081898,6.868867881600033,287.3422796708261,304.7987360736392
2026-01-03T23:12:48.079284,1,853,1767478367,0.0,0.0,-17.0,0.0,0.0,0.0,0,16.921875,58.0,0.28470588235294114,-62,1034.0,8.59828826474867,6.79588412622853,287.31132706995453,304.57695901359006
2026-01-03T23:12:49.069214,1,854,1767478368,0.0,0.0,-17.0,0.0,0.0,0.0,0,16.921875,58.0,0.28470588235294114,-61,1034.0,8.59828826474867,6.79588412622853,287.31132706995453,304.57695901359006
2026-01-03T23:12:50.076024,1,855,1767478369,0.0,0.0,-17.0,0.0,0.0,0.0,0,16.921875,58.5,0.28470588235294114,-61,1034.0,8.725316070992656,6.855115006783083,287.31132706995453,304.73186076292694
2026-01-03T23:12:51.088958,1,856,1767478370,0.0,0.0,-17.0,0.0,0.0,0.0,0,17.015625,57.5,0.28470588235294114,-62,1034.0,8.558044471803331,6.777274929699945,287.40418487256915,304.6210044799799
2026-01-03T23:12:52.092366,1,857,1767478371,0.0,0.0,-17.0,0.0,0.0,0.0,0,17.14375,57.5,0.28470588235294114,-63,1034.0,8.67797173467251,6.833128711985082,287.53109053614253,304.89372758016697
2026-01-03T23:12:53.091920,1,858,1767478372,0.0,0.0,-17.0,0.0,0.0,0.0,0,17.1125,58.0,0.28470588235294114,-63,1034.0,8.776901085220578,6.879423742672359,287.50013793527097,304.98392862927926
2026-01-03T23:12:55.083562,1,860,1767478374,0.0,0.0,-17.0,0.0,0.0,0.0,0,17.20625,57.5,0.28470588235294114,-62,1034.0,8.73647144477664,6.860522996301497,287.5929957378856,305.0271745196254
2026-01-03T23:12:56.076882,1,861,1767478375,0.0,0.0,-17.0,0.0,0.0,0.0,0,17.20625,57.5,0.28470588235294114,-61,1034.0,8.73647144477664,6.860522996301497,287.5929957378856,305.0271745196254
2026-01-03T23:12:57.082019,1,862,1767478376,0.0,0.0,-17.0,0.0,0.0,0.0,0,17.20625,57.5,0.28470588235294114,-62,1034.0,8.73647144477664,6.860522996301497,287.5929957378856,305.0271745196254
2026-01-03T23:12:58.072580,1,863,1767478377,0.0,0.0,-17.0,0.0,0.0,0.0,0,17.14375,57.5,0.28470588235294114,-61,1034.0,8.67797173467251,6.833128711985082,287.53109053614253,304.89372758016697
2026-01-03T23:12:59.082970,1,864,1767478378,0.0,0.0,-17.0,0.0,0.0,0.0,0,17.175,57.5,0.28470588235294114,-61,1034.0,8.707221703962833,6.846813646352231,287.5620431370141,304.9604172356486
2026-01-03T23:13:00.082178,1,865,1767478379,0.0,0.0,-17.0,0.0,0.0,0.0,0,17.175,58.0,0.28470588235294114,-62,1034.0,8.835460841142833,6.907012291872247,287.5620431370141,305.11791129378594
2026-01-03T23:13:01.084341,1,866,1767478380,0.0,0.0,-17.0,0.0,0.0,0.0,0,17.20625,57.5,0.28470588235294114,-62,1034.0,8.73647144477664,6.860522996301497,287.5929957378856,305.0271745196254
2026-01-03T23:13:02.082522,1,867,1767478381,0.0,0.0,-17.0,0.0,0.0,0.0,0,17.20625,57.5,0.28470588235294114,-61,1034.0,8.73647144477664,6.860522996301497,287.5929957378856,305.0271745196254
2026-01-03T23:13:03.081846,1,868,1767478382,0.0,0.0,-17.0,0.0,0.0,0.0,0,17.3,58.0,0.28470588235294114,-61,1034.0,8.952577650060789,6.962485356377234,287.68585354050026,305.3866973562437
2026-01-03T23:13:04.083878,1,869,1767478383,0.0,0.0,-17.0,0.0,0.0,0.0,0,17.3625,58.0,0.28470588235294114,-60,1034.0,9.01113470309808,6.990370494851046,287.7477587422433,305.52150272174396
2026-01-03T23:13:05.073990,1,870,1767478384,0.0,0.0,-17.0,0.0,0.0,0.0,0,17.3625,57.5,0.28470588235294114,-60,1034.0,8.882716721791674,6.929437329006052,287.7477587422433,305.36197961758876
2026-01-03T23:13:06.076468,1,871,1767478385,0.0,0.0,-17.0,0.0,0.0,0.0,0,17.396875,57.0,0.28470588235294114,-61,1034.0,8.785449794847088,6.883624159713927,287.781806603202,305.2760824446828
2026-01-03T23:13:07.077194,1,872,1767478386,0.0,0.0,-17.0,0.0,0.0,0.0,0,17.396875,56.5,0.28470588235294114,-60,1034.0,8.655003865471665,6.822579167637828,287.781806603202,305.1164139211257
2026-01-03T23:13:08.072138,1,873,1767478387,0.0,0.0,-17.0,0.0,0.0,0.0,0,17.490625,57.5,0.28470588235294114,-61,1034.0,9.002633586999293,6.986406663117342,287.8746644058167,305.6377943605229
2026-01-03T23:13:09.081585,1,874,1767478388,0.0,0.0,-17.0,0.0,0.0,0.0,0,17.396875,57.0,0.28470588235294114,-60,1034.0,8.785449794847088,6.883624159713927,287.781806603202,305.2760824446828
2026-01-03T23:13:10.075794,1,875,1767478389,0.0,0.0,-17.0,0.0,0.0,0.0,0,17.3625,57.5,0.28470588235294114,-61,1034.0,8.882716721791674,6.929437329006052,287.7477587422433,305.36197961758876
2026-01-03T23:13:11.088261,1,876,1767478390,0.0,0.0,-17.0,0.0,0.0,0.0,0,17.459375,57.5,0.28470588235294114,-61,1034.0,8.97338592519874,6.972473355565726,287.84371180494514,305.5704160585886
2026-01-03T23:13:12.087993,1,877,1767478391,0.0,0.0,-17.0,0.0,0.0,0.0,0,17.396875,57.5,0.28470588235294114,-60,1034.0,8.914889916238497,6.944681005222066,287.781806603202,305.4358655513867
2026-01-03T23:13:13.077879,1,878,1767478392,0.0,0.0,-17.0,0.0,0.0,0.0,0,17.396875,57.0,0.28470588235294114,-60,1034.0,8.785449794847088,6.883624159713927,287.781806603202,305.2760824446828
2026-01-03T23:13:14.092024,1,879,1767478393,0.0,0.0,-17.0,0.0,0.0,0.0,0,17.33125,57.5,0.28470588235294114,-60,1034.0,8.853468123320283,6.915605322633436,287.7168061413718,305.2948823683084
2026-01-03T23:13:15.092182,1,880,1767478394,0.0,0.0,-17.0,0.0,0.0,0.0,0,17.3,57.5,0.28470588235294114,-60,1034.0,8.824219296385756,6.901797924862499,287.68585354050026,305.22785335587935
2026-01-03T23:13:16.094163,1,881,1767478395,0.0,0.0,-17.0,0.0,0.0,0.0,0,17.3,57.5,0.28470588235294114,-61,1034.0,8.824219296385756,6.901797924862499,287.68585354050026,305.22785335587935
2026-01-03T23:13:17.082306,1,882,1767478396,0.0,0.0,-17.0,0.0,0.0,0.0,0,17.33125,57.5,0.28470588235294114,-60,1034.0,8.853468123320283,6.915605322633436,287.7168061413718,305.2948823683084
2026-01-03T23:13:18.081823,1,883,1767478397,0.0,0.0,-17.0,0.0,0.0,0.0,0,17.33125,57.5,0.28470588235294114,-61,1034.0,8.853468123320283,6.915605322633436,287.7168061413718,305.2948823683084
2026-01-03T23:13:19.077044,1,884,1767478398,0.0,0.0,-17.0,0.0,0.0,0.0,0,17.2375,57.5,0.28470588235294114,-60,1034.0,8.765720957116612,6.874256800327684,287.62394833875715,305.0939995533208
2026-01-03T23:13:20.078254,1,885,1767478399,0.0,0.0,-17.0,0.0,0.0,0.0,0,17.2375,57.5,0.28470588235294114,-61,1034.0,8.765720957116612,6.874256800327684,287.62394833875715,305.0939995533208
2026-01-03T23:13:21.090643,1,886,1767478400,0.0,0.0,-17.0,0.0,0.0,0.0,0,17.26875,57.5,0.28470588235294114,-60,1034.0,8.794970240985428,6.888015096980072,287.6549009396287,305.160892458182
2026-01-03T23:13:22.076677,1,887,1767478401,0.0,0.0,-17.0,0.0,0.0,0.0,0,17.2375,57.0,0.28470588235294114,-60,1034.0,8.636433971522374,6.813825824257329,287.62394833875715,304.93594422733923
2026-01-03T23:13:23.082258,1,888,1767478402,0.0,0.0,-17.0,0.0,0.0,0.0,0,17.2375,57.5,0.28470588235294114,-60,1034.0,8.765720957116612,6.874256800327684,287.62394833875715,305.0939995533208
2026-01-03T23:13:24.071773,1,889,1767478403,0.0,0.0,-17.0,0.0,0.0,0.0,0,17.2375,57.5,0.28470588235294114,-60,1034.0,8.765720957116612,6.874256800327684,287.62394833875715,305.0939995533208
2026-01-03T23:13:25.080688,1,890,1767478404,0.0,0.0,-17.0,0.0,0.0,0.0,0,17.2375,57.0,0.28470588235294114,-60,1034.0,8.636433971522374,6.813825824257329,287.62394833875715,304.93594422733923
2026-01-03T23:13:26.074912,1,891,1767478405,0.0,0.0,-17.0,0.0,0.0,0.0,0,17.20625,57.0,0.2717647058823529,-60,1034.0,8.607214475901337,6.800214058392551,287.5929957378856,304.8694558787503
2026-01-03T23:13:27.071882,1,892,1767478406,0.0,0.0,-17.0,0.0,0.0,0.0,0,17.20625,57.5,0.28470588235294114,-61,1034.0,8.73647144477664,6.860522996301497,287.5929957378856,305.0271745196254
2026-01-03T23:13:28.063942,1,893,1767478407,0.0,0.0,-17.0,0.0,0.0,0.0,0,17.2375,57.5,0.28470588235294114,-60,1034.0,8.765720957116612,6.874256800327684,287.62394833875715,305.0939995533208
2026-01-03T23:13:29.067536,1,894,1767478408,0.0,0.0,-17.0,0.0,0.0,0.0,0,17.14375,57.5,0.28470588235294114,-60,1034.0,8.67797173467251,6.833128711985082,287.53109053614253,304.89372758016697
2026-01-03T23:13:30.066975,1,895,1767478409,0.0,0.0,-17.0,0.0,0.0,0.0,0,17.2375,57.5,0.28470588235294114,-60,1034.0,8.765720957116612,6.874256800327684,287.62394833875715,305.0939995533208
2026-01-03T23:13:31.071941,1,896,1767478410,0.0,0.0,-17.0,0.0,0.0,0.0,0,17.175,57.5,0.28470588235294114,-60,1034.0,8.707221703962833,6.846813646352231,287.5620431370141,304.9604172356486
2026-01-03T23:13:32.084751,1,897,1767478411,0.0,0.0,-17.0,0.0,0.0,0.0,0,17.20625,57.5,0.28470588235294114,-60,1034.0,8.73647144477664,6.860522996301497,287.5929957378856,305.0271745196254
2026-01-03T23:13:33.072924,1,898,1767478412,0.0,0.0,-17.0,0.0,0.0,0.0,0,17.20625,58.0,0.28470588235294114,-61,1034.0,8.864740381234238,6.920843503916651,287.5929957378856,305.1850050336877
2026-01-03T23:13:34.070977,1,899,1767478413,0.0,0.0,-17.0,0.0,0.0,0.0,0,17.20625,57.5,0.28470588235294114,-61,1034.0,8.73647144477664,6.860522996301497,287.5929957378856,305.0271745196254
2026-01-03T23:13:35.089153,1,900,1767478414,0.0,0.0,-17.0,0.0,0.0,0.0,0,17.1125,58.5,0.28470588235294114,-61,1034.0,8.90410927229901,6.93939076475808,287.50013793527097,305.14086243753735
2026-01-03T23:13:36.070294,1,901,1767478415,0.0,0.0,-17.0,0.0,0.0,0.0,0,17.1125,57.5,0.28470588235294114,-62,1034.0,8.648721536902997,6.81946815475964,287.50013793527097,304.82710543217996
2026-01-03T23:13:37.083406,1,902,1767478416,0.0,0.0,-17.0,0.0,0.0,0.0,0,17.2375,57.0,0.28470588235294114,-62,1034.0,8.636433971522374,6.813825824257329,287.62394833875715,304.93594422733923
2026-01-03T23:13:38.072264,1,903,1767478417,0.0,0.0,-17.0,0.0,0.0,0.0,0,17.2375,56.5,0.28470588235294114,-62,1034.0,8.506142288361753,6.753406461166637,287.62394833875715,304.77800113242034
2026-01-03T23:13:39.075059,1,904,1767478418,0.0,0.0,-17.0,0.0,0.0,0.0,0,17.2375,57.0,0.28470588235294114,-62,1034.0,8.636433971522374,6.813825824257329,287.62394833875715,304.93594422733923
2026-01-03T23:13:40.079272,1,905,1767478419,0.0,0.0,-17.0,0.0,0.0,0.0,0,17.2375,57.0,0.28470588235294114,-64,1034.0,8.636433971522374,6.813825824257329,287.62394833875715,304.93594422733923
2026-01-03T23:13:42.078392,1,907,1767478421,0.0,0.0,-17.0,0.0,0.0,0.0,0,17.2375,57.5,0.28470588235294114,-65,1034.0,8.765720957116612,6.874256800327684,287.62394833875715,305.0939995533208
2026-01-03T23:13:43.068058,1,908,1767478422,0.0,0.0,-17.0,0.0,0.0,0.0,0,17.2375,58.0,0.28470588235294114,-63,1034.0,8.894019696082637,6.934699392726154,287.62394833875715,305.2521672087881
2026-01-03T23:13:44.074936,1,909,1767478423,0.0,0.0,-17.0,0.0,0.0,0.0,0,17.2375,57.5,0.28470588235294114,-63,1034.0,8.765720957116612,6.874256800327684,287.62394833875715,305.0939995533208
2026-01-03T23:13:45.075741,1,910,1767478424,0.0,0.0,-17.0,0.0,0.0,0.0,0,17.20625,57.5,0.28470588235294114,-63,1034.0,8.73647144477664,6.860522996301497,287.5929957378856,305.0271745196254
2026-01-03T23:13:46.070232,1,911,1767478425,0.0,0.0,-17.0,0.0,0.0,0.0,0,17.26875,57.5,0.28470588235294114,-63,1034.0,8.794970240985428,6.888015096980072,287.6549009396287,305.160892458182
2026-01-03T23:13:47.090234,1,912,1767478426,0.0,0.0,-17.0,0.0,0.0,0.0,0,17.26875,57.5,0.28470588235294114,-64,1034.0,8.794970240985428,6.888015096980072,287.6549009396287,305.160892458182
2026-01-03T23:13:48.066712,1,913,1767478427,0.0,0.0,-17.0,0.0,0.0,0.0,0,17.175,58.0,0.28470588235294114,-63,1034.0,8.835460841142833,6.907012291872247,287.5620431370141,305.11791129378594
2026-01-03T23:13:49.083628,1,914,1767478428,0.0,0.0,-17.0,0.0,0.0,0.0,0,17.20625,57.0,0.28470588235294114,-63,1034.0,8.607214475901337,6.800214058392551,287.5929957378856,304.8694558787503
2026-01-03T23:13:50.082333,1,915,1767478429,0.0,0.0,-17.0,0.0,0.0,0.0,0,17.2375,58.0,0.28470588235294114,-62,1034.0,8.894019696082637,6.934699392726154,287.62394833875715,305.2521672087881
2026-01-03T23:13:51.076198,1,916,1767478430,0.0,0.0,-17.0,0.0,0.0,0.0,0,17.2375,58.0,0.28470588235294114,-62,1034.0,8.894019696082637,6.934699392726154,287.62394833875715,305.2521672087881
2026-01-03T23:13:53.074057,1,918,1767478432,0.0,0.0,-17.0,0.0,0.0,0.0,0,17.05,58.0,0.28470588235294114,-63,1034.0,8.718340428295082,6.851933434863254,287.43823273352785,304.8502182369282
2026-01-03T23:13:54.077264,1,919,1767478433,0.0,0.0,-17.0,0.0,0.0,0.0,0,17.05,58.0,0.28470588235294114,-61,1034.0,8.718340428295082,6.851933434863254,287.43823273352785,304.8502182369282
2026-01-03T23:13:55.078605,1,920,1767478434,0.0,0.0,-17.0,0.0,0.0,0.0,0,17.08125,57.5,0.28470588235294114,-60,1034.0,8.619471110651615,6.805831936289831,287.4691853343994,304.76055067090937
2026-01-03T23:13:56.079619,1,921,1767478435,0.0,0.0,-17.0,0.0,0.0,0.0,0,17.14375,57.5,0.28470588235294114,-60,1034.0,8.67797173467251,6.833128711985082,287.53109053614253,304.89372758016697
2026-01-03T23:13:57.078805,1,922,1767478436,0.0,0.0,-17.0,0.0,0.0,0.0,0,17.175,57.5,0.28470588235294114,-60,1034.0,8.707221703962833,6.846813646352231,287.5620431370141,304.9604172356486
2026-01-03T23:13:58.072002,1,923,1767478437,0.0,0.0,-17.0,0.0,0.0,0.0,0,17.175,57.5,0.28470588235294114,-63,1034.0,8.707221703962833,6.846813646352231,287.5620431370141,304.9604172356486
2026-01-03T23:13:59.077925,1,924,1767478438,0.0,0.0,-17.0,0.0,0.0,0.0,0,17.175,57.5,0.28470588235294114,-63,1034.0,8.707221703962833,6.846813646352231,287.5620431370141,304.9604172356486
2026-01-03T23:14:00.078411,1,925,1767478439,0.0,0.0,-17.0,0.0,0.0,0.0,0,17.20625,58.0,0.28470588235294114,-62,1034.0,8.864740381234238,6.920843503916651,287.5929957378856,305.1850050336877
2026-01-03T23:14:01.072581,1,926,1767478440,0.0,0.0,-17.0,0.0,0.0,0.0,0,17.14375,58.0,0.28470588235294114,-62,1034.0,8.80618107580581,6.893205717727598,287.53109053614253,305.05088586645144
2026-01-03T23:14:02.074250,1,927,1767478441,0.0,0.0,-17.0,0.0,0.0,0.0,0,17.175,57.5,0.28470588235294114,-62,1034.0,8.707221703962833,6.846813646352231,287.5620431370141,304.9604172356486
2026-01-03T23:14:03.089007,1,928,1767478442,0.0,0.0,-17.0,0.0,0.0,0.0,0,17.175,57.5,0.28470588235294114,-61,1034.0,8.707221703962833,6.846813646352231,287.5620431370141,304.9604172356486
2026-01-03T23:14:04.064217,1,929,1767478443,0.0,0.0,-17.0,0.0,0.0,0.0,0,17.20625,57.5,0.28470588235294114,-62,1034.0,8.73647144477664,6.860522996301497,287.5929957378856,305.0271745196254
2026-01-03T23:14:05.071276,1,930,1767478444,0.0,0.0,-17.0,0.0,0.0,0.0,0,17.175,57.5,0.28470588235294114,-63,1034.0,8.707221703962833,6.846813646352231,287.5620431370141,304.9604172356486
2026-01-03T23:14:06.076778,1,931,1767478445,0.0,0.0,-17.0,0.0,0.0,0.0,0,17.3,57.0,0.28470588235294114,-63,1034.0,8.694872267607867,6.84112220345481,287.68585354050026,305.0691226029818
2026-01-03T23:14:07.073304,1,932,1767478446,0.0,0.0,-17.0,0.0,0.0,0.0,0,17.26875,57.0,0.28470588235294114,-63,1034.0,8.665653235423633,6.827461859867162,287.6549009396287,305.0024997619953
2026-01-03T23:14:08.074196,1,933,1767478447,0.0,0.0,-17.0,0.0,0.0,0.0,0,17.3,57.0,0.28470588235294114,-63,1034.0,8.694872267607867,6.84112220345481,287.68585354050026,305.0691226029818
2026-01-03T23:14:09.074654,1,934,1767478448,0.0,0.0,-17.0,0.0,0.0,0.0,0,17.3,57.0,0.28470588235294114,-64,1034.0,8.694872267607867,6.84112220345481,287.68585354050026,305.0691226029818
2026-01-03T23:14:10.073328,1,935,1767478449,0.0,0.0,-17.0,0.0,0.0,0.0,0,17.3,57.5,0.28470588235294114,-64,1034.0,8.824219296385756,6.901797924862499,287.68585354050026,305.22785335587935
2026-01-03T23:14:11.078300,1,936,1767478450,0.0,0.0,-17.0,0.0,0.0,0.0,0,17.33125,57.5,0.28470588235294114,-62,1034.0,8.853468123320283,6.915605322633436,287.7168061413718,305.2948823683084
2026-01-03T23:14:12.075806,1,937,1767478451,0.0,0.0,-17.0,0.0,0.0,0.0,0,17.3,57.5,0.28470588235294114,-62,1034.0,8.824219296385756,6.901797924862499,287.68585354050026,305.22785335587935
2026-01-03T23:14:13.072306,1,938,1767478452,0.0,0.0,-17.0,0.0,0.0,0.0,0,17.2375,58.0,0.28470588235294114,-62,1034.0,8.894019696082637,6.934699392726154,287.62394833875715,305.2521672087881
2026-01-03T23:14:14.074895,1,939,1767478453,0.0,0.0,-17.0,0.0,0.0,0.0,0,17.2375,58.0,0.28470588235294114,-62,1034.0,8.894019696082637,6.934699392726154,287.62394833875715,305.2521672087881
2026-01-03T23:14:15.074896,1,940,1767478454,0.0,0.0,-17.0,0.0,0.0,0.0,0,17.20625,58.0,0.28470588235294114,-62,1034.0,8.864740381234238,6.920843503916651,287.5929957378856,305.1850050336877
2026-01-03T23:14:16.077842,1,941,1767478455,0.0,0.0,-17.0,0.0,0.0,0.0,0,17.20625,57.5,0.28470588235294114,-62,1034.0,8.73647144477664,6.860522996301497,287.5929957378856,305.0271745196254
2026-01-03T23:14:17.069217,1,942,1767478456,0.0,0.0,-17.0,0.0,0.0,0.0,0,17.20625,58.0,0.28470588235294114,-63,1034.0,8.864740381234238,6.920843503916651,287.5929957378856,305.1850050336877
2026-01-03T23:14:18.074819,1,943,1767478457,0.0,0.0,-17.0,0.0,0.0,0.0,0,17.3,58.0,0.28470588235294114,-62,1034.0,8.952577650060789,6.962485356377234,287.68585354050026,305.3866973562437
2026-01-03T23:14:19.076861,1,944,1767478458,0.0,0.0,-17.0,0.0,0.0,0.0,0,17.33125,57.5,0.28470588235294114,-64,1034.0,8.853468123320283,6.915605322633436,287.7168061413718,305.2948823683084
2026-01-03T23:14:20.071106,1,945,1767478459,0.0,0.0,-17.0,0.0,0.0,0.0,0,17.33125,57.5,0.28470588235294114,-63,1034.0,8.853468123320283,6.915605322633436,287.7168061413718,305.2948823683084
2026-01-03T23:14:21.074385,1,946,1767478460,0.0,0.0,-17.0,0.0,0.0,0.0,0,17.396875,57.0,0.28470588235294114,-62,1034.0,8.785449794847088,6.883624159713927,287.781806603202,305.2760824446828
2026-01-03T23:14:22.063857,1,947,1767478461,0.0,0.0,-17.0,0.0,0.0,0.0,0,17.3,57.5,0.28470588235294114,-63,1034.0,8.824219296385756,6.901797924862499,287.68585354050026,305.22785335587935
2026-01-03T23:14:23.068872,1,948,1767478462,0.0,0.0,-17.0,0.0,0.0,0.0,0,17.33125,57.5,0.2717647058823529,-63,1034.0,8.853468123320283,6.915605322633436,287.7168061413718,305.2948823683084
2026-01-03T23:14:24.068868,1,949,1767478463,0.0,0.0,-17.0,0.0,0.0,0.0,0,17.33125,57.5,0.28470588235294114,-63,1034.0,8.853468123320283,6.915605322633436,287.7168061413718,305.2948823683084
2026-01-03T23:14:25.072409,1,950,1767478464,0.0,0.0,-17.0,0.0,0.0,0.0,0,17.396875,57.5,0.28470588235294114,-62,1034.0,8.914889916238497,6.944681005222066,287.781806603202,305.4358655513867
2026-01-03T23:14:26.063122,1,951,1767478465,0.0,0.0,-17.0,0.0,0.0,0.0,0,17.3625,57.5,0.28470588235294114,-62,1034.0,8.882716721791674,6.929437329006052,287.7477587422433,305.36197961758876
2026-01-03T23:14:27.084231,1,952,1767478466,0.0,0.0,-17.0,0.0,0.0,0.0,0,17.26875,58.0,0.28470588235294114,-62,1034.0,8.923298785690621,6.9485799972211595,287.6549009396287,305.31939794194517
2026-01-03T23:14:28.081045,1,953,1767478467,0.0,0.0,-17.0,0.0,0.0,0.0,0,17.3625,57.5,0.28470588235294114,-62,1034.0,8.882716721791674,6.929437329006052,287.7477587422433,305.36197961758876
2026-01-03T23:14:29.082921,1,954,1767478468,0.0,0.0,-17.0,0.0,0.0,0.0,0,17.396875,57.5,0.28470588235294114,-62,1034.0,8.914889916238497,6.944681005222066,287.781806603202,305.4358655513867
2026-01-03T23:14:30.074405,1,955,1767478469,0.0,0.0,-17.0,0.0,0.0,0.0,0,17.428125,57.0,0.28470588235294114,-62,1034.0,8.81466787702034,6.8973845668840745,287.8127592040736,305.3429825036875
2026-01-03T23:14:31.082873,1,956,1767478470,0.0,0.0,-17.0,0.0,0.0,0.0,0,17.428125,57.0,0.28470588235294114,-62,1034.0,8.81466787702034,6.8973845668840745,287.8127592040736,305.3429825036875
2026-01-03T23:14:32.084788,1,957,1767478471,0.0,0.0,-17.0,0.0,0.0,0.0,0,17.490625,57.0,0.28470588235294114,-62,1034.0,8.873103346260711,6.924978931208969,287.8746644058167,305.4769865126892
2026-01-03T23:14:33.072249,1,958,1767478472,0.0,0.0,-17.0,0.0,0.0,0.0,0,17.459375,57.5,0.28470588235294114,-62,1034.0,8.97338592519874,6.972473355565726,287.84371180494514,305.5704160585886
2026-01-03T23:14:34.078011,1,959,1767478473,0.0,0.0,-17.0,0.0,0.0,0.0,0,17.521875,57.0,0.28470588235294114,-62,1034.0,8.902320733333339,6.938812965545316,287.90561700668826,305.54409070615014
2026-01-03T23:14:35.065939,1,960,1767478474,0.0,0.0,-17.0,0.0,0.0,0.0,0,17.521875,57.5,0.28470588235294114,-63,1034.0,9.031881020350369,7.00036477756161,287.90561700668826,305.7052415256359
2026-01-03T23:14:36.071763,1,961,1767478475,0.0,0.0,-17.0,0.0,0.0,0.0,0,17.490625,57.0,0.28470588235294114,-63,1034.0,8.873103346260711,6.924978931208969,287.8746644058167,305.4769865126892
2026-01-03T23:14:37.071141,1,962,1767478476,0.0,0.0,-17.0,0.0,0.0,0.0,0,17.428125,57.0,0.2717647058823529,-63,1034.0,8.81466787702034,6.8973845668840745,287.8127592040736,305.3429825036875
2026-01-03T23:14:38.085810,1,963,1767478477,0.0,0.0,-17.0,0.0,0.0,0.0,0,17.428125,57.5,0.28470588235294114,-63,1034.0,8.944138034946029,6.958564815913391,287.8127592040736,305.50310649655887
2026-01-03T23:14:39.077113,1,964,1767478478,0.0,0.0,-17.0,0.0,0.0,0.0,0,17.428125,57.0,0.28470588235294114,-63,1034.0,8.81466787702034,6.8973845668840745,287.8127592040736,305.3429825036875
2026-01-03T23:14:40.077245,1,965,1767478479,0.0,0.0,-17.0,0.0,0.0,0.0,0,17.33125,57.0,0.28470588235294114,-63,1034.0,8.724091068077833,6.854806893307069,287.7168061413718,305.13581287078335
2026-01-03T23:14:41.064429,1,966,1767478480,0.0,0.0,-17.0,0.0,0.0,0.0,0,17.33125,57.0,0.28470588235294114,-62,1034.0,8.724091068077833,6.854806893307069,287.7168061413718,305.13581287078335
2026-01-03T23:14:42.073461,1,967,1767478481,0.0,0.0,-17.0,0.0,0.0,0.0,0,17.428125,57.5,0.2717647058823529,-62,1034.0,8.944138034946029,6.958564815913391,287.8127592040736,305.50310649655887
2026-01-03T23:14:43.070356,1,968,1767478482,0.0,0.0,-17.0,0.0,0.0,0.0,0,17.3625,57.0,0.28470588235294114,-63,1034.0,8.753309636836287,6.868515967764843,287.7477587422433,305.2025706861061
2026-01-03T23:14:44.073423,1,969,1767478483,0.0,0.0,-17.0,0.0,0.0,0.0,0,17.396875,57.5,0.28470588235294114,-63,1034.0,8.914889916238497,6.944681005222066,287.781806603202,305.4358655513867
2026-01-03T23:14:45.088951,1,970,1767478484,0.0,0.0,-17.0,0.0,0.0,0.0,0,17.428125,57.5,0.28470588235294114,-62,1034.0,8.944138034946029,6.958564815913391,287.8127592040736,305.50310649655887
2026-01-03T23:14:46.077094,1,971,1767478485,0.0,0.0,-17.0,0.0,0.0,0.0,0,17.3,57.0,0.28470588235294114,-62,1034.0,8.694872267607867,6.84112220345481,287.68585354050026,305.0691226029818
2026-01-03T23:14:47.082398,1,972,1767478486,0.0,0.0,-17.0,0.0,0.0,0.0,0,17.33125,58.0,0.28470588235294114,-62,1034.0,8.981856289195743,6.976415509225166,287.7168061413718,305.45406557499643
2026-01-03T23:14:48.072686,1,973,1767478487,0.0,0.0,-17.0,0.0,0.0,0.0,0,17.3625,57.0,0.28470588235294114,-62,1034.0,8.753309636836287,6.868515967764843,287.7477587422433,305.2025706861061
2026-01-03T23:14:49.075362,1,974,1767478488,0.0,0.0,-17.0,0.0,0.0,0.0,0,17.33125,57.5,0.28470588235294114,-61,1034.0,8.853468123320283,6.915605322633436,287.7168061413718,305.2948823683084
2026-01-03T23:14:50.069630,1,975,1767478489,0.0,0.0,-17.0,0.0,0.0,0.0,0,17.3,58.0,0.28470588235294114,-62,1034.0,8.952577650060789,6.962485356377234,287.68585354050026,305.3866973562437
2026-01-03T23:14:51.069623,1,976,1767478490,0.0,0.0,-17.0,0.0,0.0,0.0,0,17.3,57.5,0.28470588235294114,-61,1034.0,8.824219296385756,6.901797924862499,287.68585354050026,305.22785335587935
2026-01-03T23:14:52.067114,1,977,1767478491,0.0,0.0,-17.0,0.0,0.0,0.0,0,17.26875,57.5,0.28470588235294114,-62,1034.0,8.794970240985428,6.888015096980072,287.6549009396287,305.160892458182
2026-01-03T23:14:53.064478,1,978,1767478492,0.0,0.0,-17.0,0.0,0.0,0.0,0,17.26875,57.5,0.28470588235294114,-61,1034.0,8.794970240985428,6.888015096980072,287.6549009396287,305.160892458182
2026-01-03T23:14:54.068241,1,979,1767478493,0.0,0.0,-17.0,0.0,0.0,0.0,0,17.175,57.5,0.28470588235294114,-61,1034.0,8.707221703962833,6.846813646352231,287.5620431370141,304.9604172356486
2026-01-03T23:14:55.080409,1,980,1767478494,0.0,0.0,-17.0,0.0,0.0,0.0,0,17.175,58.0,0.28470588235294114,-60,1034.0,8.835460841142833,6.907012291872247,287.5620431370141,305.11791129378594
2026-01-03T23:14:56.068346,1,981,1767478495,0.0,0.0,-17.0,0.0,0.0,0.0,0,17.14375,58.0,0.28470588235294114,-61,1034.0,8.80618107580581,6.893205717727598,287.53109053614253,305.05088586645144
2026-01-03T23:14:57.073132,1,982,1767478496,0.0,0.0,-17.0,0.0,0.0,0.0,0,17.14375,58.0,0.28470588235294114,-61,1034.0,8.80618107580581,6.893205717727598,287.53109053614253,305.05088586645144
2026-01-03T23:14:58.077985,1,983,1767478497,0.0,0.0,-17.0,0.0,0.0,0.0,0,17.175,57.5,0.28470588235294114,-61,1034.0,8.707221703962833,6.846813646352231,287.5620431370141,304.9604172356486
2026-01-03T23:14:59.072451,1,984,1767478498,0.0,0.0,-17.0,0.0,0.0,0.0,0,17.14375,57.5,0.28470588235294114,-61,1034.0,8.67797173467251,6.833128711985082,287.53109053614253,304.89372758016697
2026-01-03T23:15:00.079624,1,985,1767478499,0.0,0.0,-17.0,0.0,0.0,0.0,0,17.14375,58.0,0.28470588235294114,-61,1034.0,8.80618107580581,6.893205717727598,287.53109053614253,305.05088586645144
2026-01-03T23:15:01.074129,1,986,1767478500,0.0,0.0,-17.0,0.0,0.0,0.0,0,17.14375,57.5,0.28470588235294114,-61,1034.0,8.67797173467251,6.833128711985082,287.53109053614253,304.89372758016697
2026-01-03T23:15:02.077325,1,987,1767478501,0.0,0.0,-17.0,0.0,0.0,0.0,0,17.1125,57.5,0.28470588235294114,-60,1034.0,8.648721536902997,6.81946815475964,287.50013793527097,304.82710543217996
2026-01-03T23:15:03.076184,1,988,1767478502,0.0,0.0,-17.0,0.0,0.0,0.0,0,17.08125,57.5,0.28470588235294114,-61,1034.0,8.619471110651615,6.805831936289831,287.4691853343994,304.76055067090937
2026-01-03T23:15:04.079564,1,989,1767478503,0.0,0.0,-17.0,0.0,0.0,0.0,0,17.1125,57.5,0.28470588235294114,-60,1034.0,8.648721536902997,6.81946815475964,287.50013793527097,304.82710543217996
2026-01-03T23:15:05.079947,1,990,1767478504,0.0,0.0,-17.0,0.0,0.0,0.0,0,17.1125,58.0,0.28470588235294114,-61,1034.0,8.776901085220578,6.879423742672359,287.50013793527097,304.98392862927926
2026-01-03T23:15:06.083940,1,991,1767478505,0.0,0.0,-17.0,0.0,0.0,0.0,0,17.175,58.0,0.28470588235294114,-61,1034.0,8.835460841142833,6.907012291872247,287.5620431370141,305.11791129378594
2026-01-03T23:15:07.071200,1,992,1767478506,0.0,0.0,-17.0,0.0,0.0,0.0,0,17.26875,57.5,0.28470588235294114,-61,1034.0,8.794970240985428,6.888015096980072,287.6549009396287,305.160892458182
2026-01-03T23:15:08.074289,1,993,1767478507,0.0,0.0,-17.0,0.0,0.0,0.0,0,17.26875,57.0,0.28470588235294114,-61,1034.0,8.665653235423633,6.827461859867162,287.6549009396287,305.0024997619953
2026-01-03T23:15:09.077518,1,994,1767478508,0.0,0.0,-17.0,0.0,0.0,0.0,0,17.3625,57.0,0.28470588235294114,-61,1034.0,8.753309636836287,6.868515967764843,287.7477587422433,305.2025706861061
2026-01-03T23:15:10.082095,1,995,1767478509,0.0,0.0,-17.0,0.0,0.0,0.0,0,17.490625,58.0,0.28470588235294114,-61,1034.0,9.131173845345906,7.04784639561389,287.8746644058167,305.7987183005206
2026-01-03T23:15:11.092962,1,996,1767478510,0.0,0.0,-17.0,0.0,0.0,0.0,0,17.396875,57.5,0.2717647058823529,-62,1034.0,8.914889916238497,6.944681005222066,287.781806603202,305.4358655513867
2026-01-03T23:15:12.073644,1,997,1767478511,0.0,0.0,-17.0,0.0,0.0,0.0,0,17.428125,57.0,0.28470588235294114,-61,1034.0,8.81466787702034,6.8973845668840745,287.8127592040736,305.3429825036875
2026-01-03T23:15:13.091646,1,998,1767478512,0.0,0.0,-17.0,0.0,0.0,0.0,0,17.490625,57.5,0.28470588235294114,-62,1034.0,9.002633586999293,6.986406663117342,287.8746644058167,305.6377943605229
2026-01-03T23:15:14.076494,1,999,1767478513,0.0,0.0,-17.0,0.0,0.0,0.0,0,17.396875,57.0,0.2717647058823529,-60,1034.0,8.785449794847088,6.883624159713927,287.781806603202,305.2760824446828
2026-01-03T23:15:15.077557,1,1000,1767478514,0.0,0.0,-17.0,0.0,0.0,0.0,0,17.396875,57.0,0.28470588235294114,-61,1034.0,8.785449794847088,6.883624159713927,287.781806603202,305.2760824446828
2026-01-03T23:15:16.083238,1,1001,1767478515,0.0,0.0,-17.0,0.0,0.0,0.0,0,17.428125,57.5,0.28470588235294114,-61,1034.0,8.944138034946029,6.958564815913391,287.8127592040736,305.50310649655887
2026-01-03T23:15:17.066615,1,1002,1767478516,0.0,0.0,-17.0,0.0,0.0,0.0,0,17.396875,57.5,0.2717647058823529,-61,1034.0,8.914889916238497,6.944681005222066,287.781806603202,305.4358655513867
2026-01-03T23:15:18.083588,1,1003,1767478517,0.0,0.0,-17.0,0.0,0.0,0.0,0,17.428125,58.0,0.28470588235294114,-61,1034.0,9.07261863917238,7.019756969546311,287.8127592040736,305.66334564140476
2026-01-03T23:15:19.075569,1,1004,1767478518,0.0,0.0,-17.0,0.0,0.0,0.0,0,17.33125,57.5,0.28470588235294114,-61,1034.0,8.853468123320283,6.915605322633436,287.7168061413718,305.2948823683084
2026-01-03T23:15:20.085745,1,1005,1767478519,0.0,0.0,-17.0,0.0,0.0,0.0,0,17.33125,57.5,0.28470588235294114,-61,1034.0,8.853468123320283,6.915605322633436,287.7168061413718,305.2948823683084
2026-01-03T23:15:21.092715,1,1006,1767478520,0.0,0.0,-17.0,0.0,0.0,0.0,0,17.26875,58.0,0.2717647058823529,-61,1034.0,8.923298785690621,6.9485799972211595,287.6549009396287,305.31939794194517
2026-01-03T23:15:22.083389,1,1007,1767478521,0.0,0.0,-17.0,0.0,0.0,0.0,0,17.33125,57.5,0.28470588235294114,-60,1034.0,8.853468123320283,6.915605322633436,287.7168061413718,305.2948823683084
2026-01-03T23:15:23.092334,1,1008,1767478522,0.0,0.0,-17.0,0.0,0.0,0.0,0,17.33125,57.5,0.28470588235294114,-61,1034.0,8.853468123320283,6.915605322633436,287.7168061413718,305.2948823683084
2026-01-03T23:15:24.073550,1,1009,1767478523,0.0,0.0,-17.0,0.0,0.0,0.0,0,17.14375,57.5,0.28470588235294114,-61,1034.0,8.67797173467251,6.833128711985082,287.53109053614253,304.89372758016697
2026-01-03T23:15:25.080657,1,1010,1767478524,0.0,0.0,-17.0,0.0,0.0,0.0,0,17.14375,57.0,0.28470588235294114,-61,1034.0,8.548774789488904,6.773063183236862,287.53109053614253,304.73668025982283
2026-01-03T23:15:26.068641,1,1011,1767478525,0.0,0.0,-17.0,0.0,0.0,0.0,0,17.1125,57.5,0.2717647058823529,-60,1034.0,8.648721536902997,6.81946815475964,287.50013793527097,304.82710543217996
2026-01-03T23:15:27.084124,1,1012,1767478526,0.0,0.0,-17.0,0.0,0.0,0.0,0,17.175,58.0,0.28470588235294114,-61,1034.0,8.835460841142833,6.907012291872247,287.5620431370141,305.11791129378594
2026-01-03T23:15:28.088333,1,1013,1767478527,0.0,0.0,-17.0,0.0,0.0,0.0,0,17.175,57.5,0.28470588235294114,-61,1034.0,8.707221703962833,6.846813646352231,287.5620431370141,304.9604172356486
2026-01-03T23:15:29.071575,1,1014,1767478528,0.0,0.0,-17.0,0.0,0.0,0.0,0,17.14375,58.0,0.28470588235294114,-61,1034.0,8.80618107580581,6.893205717727598,287.53109053614253,305.05088586645144
2026-01-03T23:15:30.081697,1,1015,1767478529,0.0,0.0,-17.0,0.0,0.0,0.0,0,17.20625,57.5,0.28470588235294114,-61,1034.0,8.73647144477664,6.860522996301497,287.5929957378856,305.0271745196254
2026-01-03T23:15:31.077706,1,1016,1767478530,0.0,0.0,-17.0,0.0,0.0,0.0,0,17.20625,57.0,0.28470588235294114,-61,1034.0,8.607214475901337,6.800214058392551,287.5929957378856,304.8694558787503
2026-01-03T23:15:32.081703,1,1017,1767478531,0.0,0.0,-17.0,0.0,0.0,0.0,0,17.175,57.5,0.2717647058823529,-61,1034.0,8.707221703962833,6.846813646352231,287.5620431370141,304.9604172356486
2026-01-03T23:15:33.070149,1,1018,1767478532,0.0,0.0,-17.0,0.0,0.0,0.0,0,17.175,58.0,0.28470588235294114,-61,1034.0,8.835460841142833,6.907012291872247,287.5620431370141,305.11791129378594
2026-01-03T23:15:34.080308,1,1019,1767478533,0.0,0.0,-17.0,0.0,0.0,0.0,0,17.175,58.0,0.28470588235294114,-60,1034.0,8.835460841142833,6.907012291872247,287.5620431370141,305.11791129378594
2026-01-03T23:15:35.103947,1,1020,1767478534,0.0,0.0,-17.0,0.0,0.0,0.0,0,17.2375,57.5,0.28470588235294114,-61,1034.0,8.765720957116612,6.874256800327684,287.62394833875715,305.0939995533208
2026-01-03T23:15:36.077592,1,1021,1767478535,0.0,0.0,-17.0,0.0,0.0,0.0,0,17.175,57.5,0.28470588235294114,-61,1034.0,8.707221703962833,6.846813646352231,287.5620431370141,304.9604172356486
2026-01-03T23:15:37.091564,1,1022,1767478536,0.0,0.0,-17.0,0.0,0.0,0.0,0,17.14375,57.5,0.28470588235294114,-61,1034.0,8.67797173467251,6.833128711985082,287.53109053614253,304.89372758016697
2026-01-03T23:15:38.079699,1,1023,1767478537,0.0,0.0,-17.0,0.0,0.0,0.0,0,17.14375,57.0,0.2717647058823529,-61,1034.0,8.548774789488904,6.773063183236862,287.53109053614253,304.73668025982283
2026-01-03T23:15:39.076344,1,1024,1767478538,0.0,0.0,-17.0,0.0,0.0,0.0,0,17.175,57.5,0.28470588235294114,-62,1034.0,8.707221703962833,6.846813646352231,287.5620431370141,304.9604172356486
2026-01-03T23:15:40.074204,1,1025,1767478539,0.0,0.0,-17.0,0.0,0.0,0.0,0,17.175,57.0,0.28470588235294114,-61,1034.0,8.577994748557769,6.786626524094033,287.5620431370141,304.8030345961857
2026-01-03T23:15:41.091559,1,1026,1767478540,0.0,0.0,-17.0,0.0,0.0,0.0,0,17.175,57.5,0.28470588235294114,-61,1034.0,8.707221703962833,6.846813646352231,287.5620431370141,304.9604172356486
2026-01-03T23:15:42.091356,1,1027,1767478541,0.0,0.0,-17.0,0.0,0.0,0.0,0,17.2375,58.0,0.28470588235294114,-61,1034.0,8.894019696082637,6.934699392726154,287.62394833875715,305.2521672087881
2026-01-03T23:15:43.089382,1,1028,1767478542,0.0,0.0,-17.0,0.0,0.0,0.0,0,17.1125,58.0,0.28470588235294114,-61,1034.0,8.776901085220578,6.879423742672359,287.50013793527097,304.98392862927926
2026-01-03T23:15:44.081831,1,1029,1767478543,0.0,0.0,-17.0,0.0,0.0,0.0,0,17.14375,57.5,0.2717647058823529,-60,1034.0,8.67797173467251,6.833128711985082,287.53109053614253,304.89372758016697
2026-01-03T23:15:45.072697,1,1030,1767478544,0.0,0.0,-17.0,0.0,0.0,0.0,0,17.14375,58.0,0.28470588235294114,-61,1034.0,8.80618107580581,6.893205717727598,287.53109053614253,305.05088586645144
2026-01-03T23:15:46.072607,1,1031,1767478545,0.0,0.0,-17.0,0.0,0.0,0.0,0,17.14375,57.5,0.28470588235294114,-61,1034.0,8.67797173467251,6.833128711985082,287.53109053614253,304.89372758016697
2026-01-03T23:15:47.077050,1,1032,1767478546,0.0,0.0,-17.0,0.0,0.0,0.0,0,17.08125,57.5,0.28470588235294114,-61,1034.0,8.619471110651615,6.805831936289831,287.4691853343994,304.76055067090937
2026-01-03T23:15:48.085425,1,1033,1767478547,0.0,0.0,-17.0,0.0,0.0,0.0,0,17.1125,57.5,0.2717647058823529,-62,1034.0,8.648721536902997,6.81946815475964,287.50013793527097,304.82710543217996
2026-01-03T23:15:49.081262,1,1034,1767478548,0.0,0.0,-17.0,0.0,0.0,0.0,0,17.175,58.0,0.28470588235294114,-59,1034.0,8.835460841142833,6.907012291872247,287.5620431370141,305.11791129378594
2026-01-03T23:15:50.084305,1,1035,1767478549,0.0,0.0,-17.0,0.0,0.0,0.0,0,17.1125,57.5,0.28470588235294114,-61,1034.0,8.648721536902997,6.81946815475964,287.50013793527097,304.82710543217996
2026-01-03T23:15:51.075028,1,1036,1767478550,0.0,0.0,-17.0,0.0,0.0,0.0,0,17.1125,57.0,0.28470588235294114,-61,1034.0,8.51955459869199,6.75952399774993,287.50013793527097,304.67039275005914
2026-01-03T23:15:52.079280,1,1037,1767478551,0.0,0.0,-17.0,0.0,0.0,0.0,0,17.14375,58.0,0.28470588235294114,-62,1034.0,8.80618107580581,6.893205717727598,287.53109053614253,305.05088586645144
2026-01-03T23:15:53.091421,1,1038,1767478552,0.0,0.0,-17.0,0.0,0.0,0.0,0,17.08125,57.0,0.28470588235294114,-61,1034.0,8.49033417616427,6.7460089296158765,287.4691853343994,304.60417194751096
2026-01-03T23:15:54.076813,1,1039,1767478553,0.0,0.0,-17.0,0.0,0.0,0.0,0,17.1125,58.0,0.2717647058823529,-63,1034.0,8.776901085220578,6.879423742672359,287.50013793527097,304.98392862927926
2026-01-03T23:15:55.077284,1,1040,1767478554,0.0,0.0,-17.0,0.0,0.0,0.0,0,17.1125,57.5,0.28470588235294114,-63,1034.0,8.648721536902997,6.81946815475964,287.50013793527097,304.82710543217996
2026-01-03T23:15:56.082847,1,1041,1767478555,0.0,0.0,-17.0,0.0,0.0,0.0,0,17.175,57.5,0.28470588235294114,-62,1034.0,8.707221703962833,6.846813646352231,287.5620431370141,304.9604172356486
2026-01-03T23:15:57.078643,1,1042,1767478556,0.0,0.0,-17.0,0.0,0.0,0.0,0,17.175,57.5,0.28470588235294114,-61,1034.0,8.707221703962833,6.846813646352231,287.5620431370141,304.9604172356486
2026-01-03T23:15:58.078370,1,1043,1767478557,0.0,0.0,-17.0,0.0,0.0,0.0,0,17.1125,57.5,0.28470588235294114,-61,1034.0,8.648721536902997,6.81946815475964,287.50013793527097,304.82710543217996
2026-01-03T23:15:59.075028,1,1044,1767478558,0.0,0.0,-17.0,0.0,0.0,0.0,0,17.1125,57.5,0.28470588235294114,-66,1034.0,8.648721536902997,6.81946815475964,287.50013793527097,304.82710543217996
2026-01-03T23:16:00.079160,1,1045,1767478559,0.0,0.0,-17.0,0.0,0.0,0.0,0,17.1125,58.0,0.28470588235294114,-65,1034.0,8.776901085220578,6.879423742672359,287.50013793527097,304.98392862927926
2026-01-03T23:16:01.084520,1,1046,1767478560,0.0,0.0,-17.0,0.0,0.0,0.0,0,17.1125,57.5,0.28470588235294114,-64,1034.0,8.648721536902997,6.81946815475964,287.50013793527097,304.82710543217996
2026-01-03T23:16:02.095218,1,1047,1767478561,0.0,0.0,-17.0,0.0,0.0,0.0,0,17.1125,58.0,0.28470588235294114,-63,1034.0,8.776901085220578,6.879423742672359,287.50013793527097,304.98392862927926
2026-01-03T23:16:03.071741,1,1048,1767478562,0.0,0.0,-17.0,0.0,0.0,0.0,0,17.015625,58.0,0.28470588235294114,-64,1034.0,8.686131682925891,6.836855528831035,287.40418487256915,304.7767932238355
2026-01-03T23:16:04.086317,1,1049,1767478563,0.0,0.0,-17.0,0.0,0.0,0.0,0,17.015625,58.0,0.28470588235294114,-62,1034.0,8.686131682925891,6.836855528831035,287.40418487256915,304.7767932238355
2026-01-03T23:16:05.071751,1,1050,1767478564,0.0,0.0,-17.0,0.0,0.0,0.0,0,17.14375,57.5,0.2717647058823529,-61,1034.0,8.67797173467251,6.833128711985082,287.53109053614253,304.89372758016697
2026-01-03T23:16:06.074771,1,1051,1767478565,0.0,0.0,-17.0,0.0,0.0,0.0,0,17.1125,57.5,0.28470588235294114,-61,1034.0,8.648721536902997,6.81946815475964,287.50013793527097,304.82710543217996
2026-01-03T23:16:07.081965,1,1052,1767478566,0.0,0.0,-17.0,0.0,0.0,0.0,0,17.14375,58.0,0.28470588235294114,-61,1034.0,8.80618107580581,6.893205717727598,287.53109053614253,305.05088586645144
2026-01-03T23:16:08.076614,1,1053,1767478567,0.0,0.0,-17.0,0.0,0.0,0.0,0,17.175,57.5,0.2717647058823529,-63,1034.0,8.707221703962833,6.846813646352231,287.5620431370141,304.9604172356486
2026-01-03T23:16:09.091707,1,1054,1767478568,0.0,0.0,-17.0,0.0,0.0,0.0,0,17.1125,58.0,0.28470588235294114,-63,1034.0,8.776901085220578,6.879423742672359,287.50013793527097,304.98392862927926
2026-01-03T23:16:10.073166,1,1055,1767478569,0.0,0.0,-17.0,0.0,0.0,0.0,0,17.20625,57.5,0.28470588235294114,-61,1034.0,8.73647144477664,6.860522996301497,287.5929957378856,305.0271745196254
2026-01-03T23:16:11.091736,1,1056,1767478570,0.0,0.0,-17.0,0.0,0.0,0.0,0,17.20625,57.5,0.2717647058823529,-60,1034.0,8.73647144477664,6.860522996301497,287.5929957378856,305.0271745196254
2026-01-03T23:16:12.068634,1,1057,1767478571,0.0,0.0,-17.0,0.0,0.0,0.0,0,17.20625,57.5,0.2717647058823529,-61,1034.0,8.73647144477664,6.860522996301497,287.5929957378856,305.0271745196254
2026-01-03T23:16:13.080806,1,1058,1767478572,0.0,0.0,-17.0,0.0,0.0,0.0,0,17.14375,58.0,0.28470588235294114,-61,1034.0,8.80618107580581,6.893205717727598,287.53109053614253,305.05088586645144
2026-01-03T23:16:14.068625,1,1059,1767478573,0.0,0.0,-17.0,0.0,0.0,0.0,0,17.14375,57.5,0.28470588235294114,-60,1034.0,8.67797173467251,6.833128711985082,287.53109053614253,304.89372758016697
2026-01-03T23:16:15.070402,1,1060,1767478574,0.0,0.0,-17.0,0.0,0.0,0.0,0,17.175,57.5,0.28470588235294114,-60,1034.0,8.707221703962833,6.846813646352231,287.5620431370141,304.9604172356486
2026-01-03T23:16:16.072765,1,1061,1767478575,0.0,0.0,-17.0,0.0,0.0,0.0,0,17.14375,57.5,0.28470588235294114,-61,1034.0,8.67797173467251,6.833128711985082,287.53109053614253,304.89372758016697
2026-01-03T23:16:17.083892,1,1062,1767478576,0.0,0.0,-17.0,0.0,0.0,0.0,0,17.175,58.5,0.2717647058823529,-61,1034.0,8.96272819550806,6.9672224639637115,287.5620431370141,305.27551686794317
2026-01-03T23:16:18.069430,1,1063,1767478577,0.0,0.0,-17.0,0.0,0.0,0.0,0,17.175,57.5,0.28470588235294114,-61,1034.0,8.707221703962833,6.846813646352231,287.5620431370141,304.9604172356486
2026-01-03T23:16:19.076335,1,1064,1767478578,0.0,0.0,-17.0,0.0,0.0,0.0,0,17.14375,57.5,0.28470588235294114,-61,1034.0,8.67797173467251,6.833128711985082,287.53109053614253,304.89372758016697
2026-01-03T23:16:20.069399,1,1065,1767478579,0.0,0.0,-17.0,0.0,0.0,0.0,0,17.1125,58.0,0.28470588235294114,-61,1034.0,8.776901085220578,6.879423742672359,287.50013793527097,304.98392862927926
2026-01-03T23:16:21.073715,1,1066,1767478580,0.0,0.0,-17.0,0.0,0.0,0.0,0,17.14375,57.5,0.2717647058823529,-61,1034.0,8.67797173467251,6.833128711985082,287.53109053614253,304.89372758016697
2026-01-03T23:16:22.064813,1,1067,1767478581,0.0,0.0,-17.0,0.0,0.0,0.0,0,17.08125,57.0,0.2717647058823529,-61,1034.0,8.49033417616427,6.7460089296158765,287.4691853343994,304.60417194751096
2026-01-03T23:16:23.070332,1,1068,1767478582,0.0,0.0,-17.0,0.0,0.0,0.0,0,17.1125,57.5,0.28470588235294114,-61,1034.0,8.648721536902997,6.81946815475964,287.50013793527097,304.82710543217996
2026-01-03T23:16:24.071101,1,1069,1767478583,0.0,0.0,-17.0,0.0,0.0,0.0,0,17.1125,57.5,0.28470588235294114,-61,1034.0,8.648721536902997,6.81946815475964,287.50013793527097,304.82710543217996
2026-01-03T23:16:25.071461,1,1070,1767478584,0.0,0.0,-17.0,0.0,0.0,0.0,0,17.14375,57.0,0.2717647058823529,-61,1034.0,8.548774789488904,6.773063183236862,287.53109053614253,304.73668025982283
2026-01-03T23:16:26.062260,1,1071,1767478585,0.0,0.0,-17.0,0.0,0.0,0.0,0,17.14375,57.0,0.28470588235294114,-61,1034.0,8.548774789488904,6.773063183236862,287.53109053614253,304.73668025982283
2026-01-03T23:16:27.074169,1,1072,1767478586,0.0,0.0,-17.0,0.0,0.0,0.0,0,17.20625,58.0,0.28470588235294114,-61,1034.0,8.864740381234238,6.920843503916651,287.5929957378856,305.1850050336877
2026-01-03T23:16:28.091896,1,1073,1767478587,0.0,0.0,-17.0,0.0,0.0,0.0,0,17.20625,58.0,0.2717647058823529,-61,1034.0,8.864740381234238,6.920843503916651,287.5929957378856,305.1850050336877
2026-01-03T23:16:29.092770,1,1074,1767478588,0.0,0.0,-17.0,0.0,0.0,0.0,0,17.175,57.5,0.28470588235294114,-61,1034.0,8.707221703962833,6.846813646352231,287.5620431370141,304.9604172356486
2026-01-03T23:16:30.068633,1,1075,1767478589,0.0,0.0,-17.0,0.0,0.0,0.0,0,17.175,57.5,0.28470588235294114,-61,1034.0,8.707221703962833,6.846813646352231,287.5620431370141,304.9604172356486
2026-01-03T23:16:31.081781,1,1076,1767478590,0.0,0.0,-17.0,0.0,0.0,0.0,0,17.1125,58.0,0.28470588235294114,-61,1034.0,8.776901085220578,6.879423742672359,287.50013793527097,304.98392862927926
2026-01-03T23:16:32.093535,1,1077,1767478591,0.0,0.0,-17.0,0.0,0.0,0.0,0,17.1125,57.5,0.28470588235294114,-62,1034.0,8.648721536902997,6.81946815475964,287.50013793527097,304.82710543217996
2026-01-03T23:16:33.080489,1,1078,1767478592,0.0,0.0,-17.0,0.0,0.0,0.0,0,17.14375,57.5,0.28470588235294114,-62,1034.0,8.67797173467251,6.833128711985082,287.53109053614253,304.89372758016697
2026-01-03T23:16:34.080273,1,1079,1767478593,0.0,0.0,-17.0,0.0,0.0,0.0,0,17.14375,57.5,0.28470588235294114,-62,1034.0,8.67797173467251,6.833128711985082,287.53109053614253,304.89372758016697
2026-01-03T23:16:35.091227,1,1080,1767478594,0.0,0.0,-17.0,0.0,0.0,0.0,0,17.1125,58.0,0.28470588235294114,-62,1034.0,8.776901085220578,6.879423742672359,287.50013793527097,304.98392862927926
2026-01-03T23:16:36.092018,1,1081,1767478595,0.0,0.0,-17.0,0.0,0.0,0.0,0,17.14375,57.5,0.28470588235294114,-61,1034.0,8.67797173467251,6.833128711985082,287.53109053614253,304.89372758016697
2026-01-03T23:16:37.079919,1,1082,1767478596,0.0,0.0,-17.0,0.0,0.0,0.0,0,17.1125,58.0,0.28470588235294114,-61,1034.0,8.776901085220578,6.879423742672359,287.50013793527097,304.98392862927926
2026-01-03T23:16:38.081766,1,1083,1767478597,0.0,0.0,-17.0,0.0,0.0,0.0,0,17.08125,58.5,0.28470588235294114,-62,1034.0,8.874799477639671,6.925512107850045,287.4691853343994,305.07363841065455
2026-01-03T23:16:39.071207,1,1084,1767478598,0.0,0.0,-17.0,0.0,0.0,0.0,0,17.05,58.0,0.28470588235294114,-62,1034.0,8.718340428295082,6.851933434863254,287.43823273352785,304.8502182369282
2026-01-03T23:16:40.074294,1,1085,1767478599,0.0,0.0,-17.0,0.0,0.0,0.0,0,17.175,57.5,0.28470588235294114,-62,1034.0,8.707221703962833,6.846813646352231,287.5620431370141,304.9604172356486
2026-01-03T23:16:41.078416,1,1086,1767478600,0.0,0.0,-17.0,0.0,0.0,0.0,0,17.20625,58.0,0.2717647058823529,-62,1034.0,8.864740381234238,6.920843503916651,287.5929957378856,305.1850050336877
2026-01-03T23:16:42.073148,1,1087,1767478601,0.0,0.0,-17.0,0.0,0.0,0.0,0,17.20625,58.5,0.2717647058823529,-62,1034.0,8.992037324062816,6.981175584567643,287.5929957378856,305.3429475188705
2026-01-03T23:16:43.083209,1,1088,1767478602,0.0,0.0,-17.0,0.0,0.0,0.0,0,17.14375,58.0,0.28470588235294114,-61,1034.0,8.80618107580581,6.893205717727598,287.53109053614253,305.05088586645144
2026-01-03T23:16:44.067766,1,1089,1767478603,0.0,0.0,-17.0,0.0,0.0,0.0,0,17.175,58.0,0.28470588235294114,-62,1034.0,8.835460841142833,6.907012291872247,287.5620431370141,305.11791129378594
2026-01-03T23:16:45.100944,1,1090,1767478604,0.0,0.0,-17.0,0.0,0.0,0.0,0,17.14375,57.5,0.2717647058823529,-61,1034.0,8.67797173467251,6.833128711985082,287.53109053614253,304.89372758016697
2026-01-03T23:16:46.076864,1,1091,1767478605,0.0,0.0,-17.0,0.0,0.0,0.0,0,17.14375,57.5,0.28470588235294114,-61,1034.0,8.67797173467251,6.833128711985082,287.53109053614253,304.89372758016697
2026-01-03T23:16:47.070433,1,1092,1767478606,0.0,0.0,-17.0,0.0,0.0,0.0,0,17.1125,58.0,0.28470588235294114,-61,1034.0,8.776901085220578,6.879423742672359,287.50013793527097,304.98392862927926
2026-01-03T23:16:48.070183,1,1093,1767478607,0.0,0.0,-17.0,0.0,0.0,0.0,0,17.1125,57.5,0.2717647058823529,-62,1034.0,8.648721536902997,6.81946815475964,287.50013793527097,304.82710543217996
2026-01-03T23:16:49.069720,1,1094,1767478608,0.0,0.0,-17.0,0.0,0.0,0.0,0,17.1125,58.0,0.2717647058823529,-61,1034.0,8.776901085220578,6.879423742672359,287.50013793527097,304.98392862927926
2026-01-03T23:16:50.077125,1,1095,1767478609,0.0,0.0,-17.0,0.0,0.0,0.0,0,17.1125,58.0,0.28470588235294114,-61,1034.0,8.776901085220578,6.879423742672359,287.50013793527097,304.98392862927926
2026-01-03T23:16:51.086911,1,1096,1767478610,0.0,0.0,-17.0,0.0,0.0,0.0,0,17.14375,58.5,0.28470588235294114,-61,1034.0,8.933418844920965,6.953294203754166,287.53109053614253,305.2081552154376
2026-01-03T23:16:52.069963,1,1097,1767478611,0.0,0.0,-17.0,0.0,0.0,0.0,0,17.1125,57.0,0.2717647058823529,-62,1034.0,8.51955459869199,6.75952399774993,287.50013793527097,304.67039275005914
2026-01-03T23:16:53.072598,1,1098,1767478612,0.0,0.0,-17.0,0.0,0.0,0.0,0,17.08125,57.5,0.28470588235294114,-62,1034.0,8.619471110651615,6.805831936289831,287.4691853343994,304.76055067090937
2026-01-03T23:16:54.074314,1,1099,1767478613,0.0,0.0,-17.0,0.0,0.0,0.0,0,17.1125,58.0,0.28470588235294114,-61,1034.0,8.776901085220578,6.879423742672359,287.50013793527097,304.98392862927926
2026-01-03T23:16:55.080744,1,1100,1767478614,0.0,0.0,-17.0,0.0,0.0,0.0,0,17.1125,57.5,0.28470588235294114,-62,1034.0,8.648721536902997,6.81946815475964,287.50013793527097,304.82710543217996
2026-01-03T23:16:56.078528,1,1101,1767478615,0.0,0.0,-17.0,0.0,0.0,0.0,0,17.14375,57.5,0.28470588235294114,-62,1034.0,8.67797173467251,6.833128711985082,287.53109053614253,304.89372758016697
2026-01-03T23:16:57.064417,1,1102,1767478616,0.0,0.0,-17.0,0.0,0.0,0.0,0,17.20625,58.0,0.28470588235294114,-66,1034.0,8.864740381234238,6.920843503916651,287.5929957378856,305.1850050336877
2026-01-03T23:16:58.069132,1,1103,1767478617,0.0,0.0,-17.0,0.0,0.0,0.0,0,17.175,58.0,0.28470588235294114,-62,1034.0,8.835460841142833,6.907012291872247,287.5620431370141,305.11791129378594
2026-01-03T23:16:59.072979,1,1104,1767478618,0.0,0.0,-17.0,0.0,0.0,0.0,0,17.175,58.0,0.2717647058823529,-63,1034.0,8.835460841142833,6.907012291872247,287.5620431370141,305.11791129378594
2026-01-03T23:17:00.057928,1,1105,1767478619,0.0,0.0,-17.0,0.0,0.0,0.0,0,17.20625,57.5,0.28470588235294114,-63,1034.0,8.73647144477664,6.860522996301497,287.5929957378856,305.0271745196254
2026-01-03T23:17:02.073561,1,1107,1767478621,0.0,0.0,-17.0,0.0,0.0,0.0,0,17.175,58.0,0.28470588235294114,-61,1034.0,8.835460841142833,6.907012291872247,287.5620431370141,305.11791129378594
2026-01-03T23:17:03.079363,1,1108,1767478622,0.0,0.0,-17.0,0.0,0.0,0.0,0,17.175,58.0,0.2717647058823529,-61,1034.0,8.835460841142833,6.907012291872247,287.5620431370141,305.11791129378594
2026-01-03T23:17:04.066157,1,1109,1767478623,0.0,0.0,-17.0,0.0,0.0,0.0,0,17.1125,57.5,0.28470588235294114,-61,1034.0,8.648721536902997,6.81946815475964,287.50013793527097,304.82710543217996
2026-01-03T23:17:05.074061,1,1110,1767478624,0.0,0.0,-17.0,0.0,0.0,0.0,0,17.175,58.0,0.2717647058823529,-60,1034.0,8.835460841142833,6.907012291872247,287.5620431370141,305.11791129378594
2026-01-03T23:17:06.075713,1,1111,1767478625,0.0,0.0,-17.0,0.0,0.0,0.0,0,17.175,58.0,0.28470588235294114,-61,1034.0,8.835460841142833,6.907012291872247,287.5620431370141,305.11791129378594
2026-01-03T23:17:07.086435,1,1112,1767478626,0.0,0.0,-17.0,0.0,0.0,0.0,0,17.14375,57.5,0.28470588235294114,-61,1034.0,8.67797173467251,6.833128711985082,287.53109053614253,304.89372758016697
2026-01-03T23:17:08.070250,1,1113,1767478627,0.0,0.0,-17.0,0.0,0.0,0.0,0,17.175,58.0,0.28470588235294114,-61,1034.0,8.835460841142833,6.907012291872247,287.5620431370141,305.11791129378594
2026-01-03T23:17:09.076496,1,1114,1767478628,0.0,0.0,-17.0,0.0,0.0,0.0,0,17.175,58.0,0.2717647058823529,-61,1034.0,8.835460841142833,6.907012291872247,287.5620431370141,305.11791129378594
2026-01-03T23:17:10.066350,1,1115,1767478629,0.0,0.0,-17.0,0.0,0.0,0.0,0,17.08125,58.0,0.28470588235294114,-61,1034.0,8.747620869384532,6.8656663279511045,287.4691853343994,304.9170394600896
2026-01-03T23:17:11.071571,1,1116,1767478630,0.0,0.0,-17.0,0.0,0.0,0.0,0,17.08125,57.5,0.28470588235294114,-61,1034.0,8.619471110651615,6.805831936289831,287.4691853343994,304.76055067090937
2026-01-03T23:17:12.059312,1,1117,1767478631,0.0,0.0,-17.0,0.0,0.0,0.0,0,17.1125,58.0,0.2717647058823529,-63,1034.0,8.776901085220578,6.879423742672359,287.50013793527097,304.98392862927926
2026-01-03T23:17:13.067696,1,1118,1767478632,0.0,0.0,-17.0,0.0,0.0,0.0,0,17.1125,58.0,0.28470588235294114,-64,1034.0,8.776901085220578,6.879423742672359,287.50013793527097,304.98392862927926
2026-01-03T23:17:14.065145,1,1119,1767478633,0.0,0.0,-17.0,0.0,0.0,0.0,0,17.05,58.0,0.28470588235294114,-62,1034.0,8.718340428295082,6.851933434863254,287.43823273352785,304.8502182369282
2026-01-03T23:17:15.065224,1,1120,1767478634,0.0,0.0,-17.0,0.0,0.0,0.0,0,17.05,58.0,0.28470588235294114,-61,1034.0,8.718340428295082,6.851933434863254,287.43823273352785,304.8502182369282
2026-01-03T23:17:16.076069,1,1121,1767478635,0.0,0.0,-17.0,0.0,0.0,0.0,0,17.05,59.0,0.2717647058823529,-61,1034.0,8.971683181028325,6.971394298766355,287.43823273352785,305.1628575944299
2026-01-03T23:17:17.066817,1,1122,1767478636,0.0,0.0,-17.0,0.0,0.0,0.0,0,17.14375,58.0,0.28470588235294114,-62,1034.0,8.80618107580581,6.893205717727598,287.53109053614253,305.05088586645144
2026-01-03T23:17:18.070309,1,1123,1767478637,0.0,0.0,-17.0,0.0,0.0,0.0,0,17.14375,57.0,0.2717647058823529,-63,1034.0,8.548774789488904,6.773063183236862,287.53109053614253,304.73668025982283
2026-01-03T23:17:19.065898,1,1124,1767478638,0.0,0.0,-17.0,0.0,0.0,0.0,0,17.1125,58.0,0.28470588235294114,-63,1034.0,8.776901085220578,6.879423742672359,287.50013793527097,304.98392862927926
2026-01-03T23:17:20.072159,1,1125,1767478639,0.0,0.0,-17.0,0.0,0.0,0.0,0,17.1125,57.5,0.28470588235294114,-63,1034.0,8.648721536902997,6.81946815475964,287.50013793527097,304.82710543217996
2026-01-03T23:17:21.077906,1,1126,1767478640,0.0,0.0,-17.0,0.0,0.0,0.0,0,17.26875,57.5,0.28470588235294114,-61,1034.0,8.794970240985428,6.888015096980072,287.6549009396287,305.160892458182
2026-01-03T23:17:22.072349,1,1127,1767478641,0.0,0.0,-17.0,0.0,0.0,0.0,0,17.20625,57.5,0.28470588235294114,-61,1034.0,8.73647144477664,6.860522996301497,287.5929957378856,305.0271745196254
2026-01-03T23:17:23.073052,1,1128,1767478642,0.0,0.0,-17.0,0.0,0.0,0.0,0,17.2375,58.0,0.28470588235294114,-61,1034.0,8.894019696082637,6.934699392726154,287.62394833875715,305.2521672087881
2026-01-03T23:17:24.066724,1,1129,1767478643,0.0,0.0,-17.0,0.0,0.0,0.0,0,17.2375,57.0,0.28470588235294114,-60,1034.0,8.636433971522374,6.813825824257329,287.62394833875715,304.93594422733923
2026-01-03T23:17:25.073194,1,1130,1767478644,0.0,0.0,-17.0,0.0,0.0,0.0,0,17.175,57.5,0.2717647058823529,-60,1034.0,8.707221703962833,6.846813646352231,287.5620431370141,304.9604172356486
2026-01-03T23:17:26.071169,1,1131,1767478645,0.0,0.0,-17.0,0.0,0.0,0.0,0,17.175,57.5,0.28470588235294114,-61,1034.0,8.707221703962833,6.846813646352231,287.5620431370141,304.9604172356486
2026-01-03T23:17:27.068732,1,1132,1767478646,0.0,0.0,-17.0,0.0,0.0,0.0,0,17.175,57.5,0.2717647058823529,-61,1034.0,8.707221703962833,6.846813646352231,287.5620431370141,304.9604172356486
2026-01-03T23:17:28.071385,1,1133,1767478647,0.0,0.0,-17.0,0.0,0.0,0.0,0,17.14375,57.5,0.28470588235294114,-61,1034.0,8.67797173467251,6.833128711985082,287.53109053614253,304.89372758016697
2026-01-03T23:17:29.074187,1,1134,1767478648,0.0,0.0,-17.0,0.0,0.0,0.0,0,17.14375,57.5,0.28470588235294114,-64,1034.0,8.67797173467251,6.833128711985082,287.53109053614253,304.89372758016697
2026-01-03T23:17:30.076191,1,1135,1767478649,0.0,0.0,-17.0,0.0,0.0,0.0,0,17.14375,57.5,0.28470588235294114,-64,1034.0,8.67797173467251,6.833128711985082,287.53109053614253,304.89372758016697
2026-01-03T23:17:31.062166,1,1136,1767478650,0.0,0.0,-17.0,0.0,0.0,0.0,0,17.20625,57.5,0.2717647058823529,-64,1034.0,8.73647144477664,6.860522996301497,287.5929957378856,305.0271745196254
2026-01-03T23:17:32.072006,1,1137,1767478651,0.0,0.0,-17.0,0.0,0.0,0.0,0,17.20625,58.0,0.2717647058823529,-64,1034.0,8.864740381234238,6.920843503916651,287.5929957378856,305.1850050336877
2026-01-03T23:17:33.066016,1,1138,1767478652,0.0,0.0,-17.0,0.0,0.0,0.0,0,17.20625,57.0,0.28470588235294114,-66,1034.0,8.607214475901337,6.800214058392551,287.5929957378856,304.8694558787503
2026-01-03T23:17:34.070865,1,1139,1767478653,0.0,0.0,-17.0,0.0,0.0,0.0,0,17.175,57.0,0.28470588235294114,-60,1034.0,8.577994748557769,6.786626524094033,287.5620431370141,304.8030345961857
2026-01-03T23:17:35.057893,1,1140,1767478654,0.0,0.0,-17.0,0.0,0.0,0.0,0,17.1125,58.0,0.2717647058823529,-61,1034.0,8.776901085220578,6.879423742672359,287.50013793527097,304.98392862927926
2026-01-03T23:17:36.065816,1,1141,1767478655,0.0,0.0,-17.0,0.0,0.0,0.0,0,17.08125,57.5,0.2717647058823529,-60,1034.0,8.619471110651615,6.805831936289831,287.4691853343994,304.76055067090937
2026-01-03T23:17:37.076889,1,1142,1767478656,0.0,0.0,-17.0,0.0,0.0,0.0,0,17.08125,57.5,0.2717647058823529,-60,1034.0,8.619471110651615,6.805831936289831,287.4691853343994,304.76055067090937
2026-01-03T23:17:38.077878,1,1143,1767478657,0.0,0.0,-17.0,0.0,0.0,0.0,0,17.1125,57.5,0.28470588235294114,-60,1034.0,8.648721536902997,6.81946815475964,287.50013793527097,304.82710543217996
2026-01-03T23:17:39.069354,1,1144,1767478658,0.0,0.0,-17.0,0.0,0.0,0.0,0,17.1125,57.5,0.2717647058823529,-60,1034.0,8.648721536902997,6.81946815475964,287.50013793527097,304.82710543217996
2026-01-03T23:17:40.072324,1,1145,1767478659,0.0,0.0,-17.0,0.0,0.0,0.0,0,17.14375,57.5,0.28470588235294114,-60,1034.0,8.67797173467251,6.833128711985082,287.53109053614253,304.89372758016697
2026-01-03T23:17:41.078571,1,1146,1767478660,0.0,0.0,-17.0,0.0,0.0,0.0,0,17.14375,58.0,0.28470588235294114,-60,1034.0,8.80618107580581,6.893205717727598,287.53109053614253,305.05088586645144
2026-01-03T23:17:42.068357,1,1147,1767478661,0.0,0.0,-17.0,0.0,0.0,0.0,0,17.1125,58.0,0.2717647058823529,-60,1034.0,8.776901085220578,6.879423742672359,287.50013793527097,304.98392862927926
2026-01-03T23:17:43.071961,1,1148,1767478662,0.0,0.0,-17.0,0.0,0.0,0.0,0,17.14375,57.5,0.2717647058823529,-60,1034.0,8.67797173467251,6.833128711985082,287.53109053614253,304.89372758016697
2026-01-03T23:17:44.073232,1,1149,1767478663,0.0,0.0,-17.0,0.0,0.0,0.0,0,17.1125,57.5,0.28470588235294114,-60,1034.0,8.648721536902997,6.81946815475964,287.50013793527097,304.82710543217996
2026-01-03T23:17:45.063041,1,1150,1767478664,0.0,0.0,-17.0,0.0,0.0,0.0,0,17.175,57.5,0.28470588235294114,-59,1034.0,8.707221703962833,6.846813646352231,287.5620431370141,304.9604172356486
2026-01-03T23:17:46.077737,1,1151,1767478665,0.0,0.0,-17.0,0.0,0.0,0.0,0,17.175,57.5,0.28470588235294114,-60,1034.0,8.707221703962833,6.846813646352231,287.5620431370141,304.9604172356486
2026-01-03T23:17:47.073415,1,1152,1767478666,0.0,0.0,-17.0,0.0,0.0,0.0,0,17.08125,58.0,0.28470588235294114,-60,1034.0,8.747620869384532,6.8656663279511045,287.4691853343994,304.9170394600896
2026-01-03T23:17:48.078218,1,1153,1767478667,0.0,0.0,-17.0,0.0,0.0,0.0,0,17.08125,57.5,0.28470588235294114,-59,1034.0,8.619471110651615,6.805831936289831,287.4691853343994,304.76055067090937
2026-01-03T23:17:49.080263,1,1154,1767478668,0.0,0.0,-17.0,0.0,0.0,0.0,0,17.2375,57.5,0.28470588235294114,-60,1034.0,8.765720957116612,6.874256800327684,287.62394833875715,305.0939995533208
2026-01-03T23:17:50.077306,1,1155,1767478669,0.0,0.0,-17.0,0.0,0.0,0.0,0,17.175,57.5,0.28470588235294114,-59,1034.0,8.707221703962833,6.846813646352231,287.5620431370141,304.9604172356486
2026-01-03T23:17:51.068259,1,1156,1767478670,0.0,0.0,-17.0,0.0,0.0,0.0,0,17.175,57.5,0.2717647058823529,-60,1034.0,8.707221703962833,6.846813646352231,287.5620431370141,304.9604172356486
2026-01-03T23:17:52.076304,1,1157,1767478671,0.0,0.0,-17.0,0.0,0.0,0.0,0,17.1125,58.0,0.2717647058823529,-61,1034.0,8.776901085220578,6.879423742672359,287.50013793527097,304.98392862927926
2026-01-03T23:17:53.062921,1,1158,1767478672,0.0,0.0,-17.0,0.0,0.0,0.0,0,17.1125,58.0,0.2717647058823529,-60,1034.0,8.776901085220578,6.879423742672359,287.50013793527097,304.98392862927926
2026-01-03T23:17:54.073983,1,1159,1767478673,0.0,0.0,-17.0,0.0,0.0,0.0,0,17.175,58.0,0.28470588235294114,-60,1034.0,8.835460841142833,6.907012291872247,287.5620431370141,305.11791129378594
2026-01-03T23:17:55.069966,1,1160,1767478674,0.0,0.0,-17.0,0.0,0.0,0.0,0,17.14375,58.0,0.28470588235294114,-60,1034.0,8.80618107580581,6.893205717727598,287.53109053614253,305.05088586645144
2026-01-03T23:17:56.070878,1,1161,1767478675,0.0,0.0,-17.0,0.0,0.0,0.0,0,17.14375,58.0,0.2717647058823529,-60,1034.0,8.80618107580581,6.893205717727598,287.53109053614253,305.05088586645144
2026-01-03T23:17:57.075098,1,1162,1767478676,0.0,0.0,-17.0,0.0,0.0,0.0,0,17.175,58.0,0.28470588235294114,-60,1034.0,8.835460841142833,6.907012291872247,287.5620431370141,305.11791129378594
2026-01-03T23:17:58.071111,1,1163,1767478677,0.0,0.0,-17.0,0.0,0.0,0.0,0,17.3,58.0,0.2717647058823529,-60,1034.0,8.952577650060789,6.962485356377234,287.68585354050026,305.3866973562437
2026-01-03T23:17:59.078314,1,1164,1767478678,0.0,0.0,-17.0,0.0,0.0,0.0,0,17.2375,57.5,0.2717647058823529,-65,1034.0,8.765720957116612,6.874256800327684,287.62394833875715,305.0939995533208
2026-01-03T23:18:00.080949,1,1165,1767478679,0.0,0.0,-17.0,0.0,0.0,0.0,0,17.14375,57.5,0.28470588235294114,-59,1034.0,8.67797173467251,6.833128711985082,287.53109053614253,304.89372758016697
2026-01-03T23:18:01.059437,1,1166,1767478680,0.0,0.0,-17.0,0.0,0.0,0.0,0,17.2375,57.5,0.28470588235294114,-59,1034.0,8.765720957116612,6.874256800327684,287.62394833875715,305.0939995533208
2026-01-03T23:18:02.073554,1,1167,1767478681,0.0,0.0,-17.0,0.0,0.0,0.0,0,17.2375,57.5,0.28470588235294114,-59,1034.0,8.765720957116612,6.874256800327684,287.62394833875715,305.0939995533208
2026-01-03T23:18:03.064028,1,1168,1767478682,0.0,0.0,-17.0,0.0,0.0,0.0,0,17.26875,57.5,0.28470588235294114,-58,1034.0,8.794970240985428,6.888015096980072,287.6549009396287,305.160892458182
2026-01-03T23:18:04.070026,1,1169,1767478683,0.0,0.0,-17.0,0.0,0.0,0.0,0,17.26875,58.0,0.2717647058823529,-58,1034.0,8.923298785690621,6.9485799972211595,287.6549009396287,305.31939794194517
2026-01-03T23:18:05.083376,1,1170,1767478684,0.0,0.0,-17.0,0.0,0.0,0.0,0,17.2375,57.5,0.2717647058823529,-58,1034.0,8.765720957116612,6.874256800327684,287.62394833875715,305.0939995533208
2026-01-03T23:18:06.069191,1,1171,1767478685,0.0,0.0,-17.0,0.0,0.0,0.0,0,17.33125,57.0,0.2717647058823529,-58,1034.0,8.724091068077833,6.854806893307069,287.7168061413718,305.13581287078335
2026-01-03T23:18:07.076491,1,1172,1767478686,0.0,0.0,-17.0,0.0,0.0,0.0,0,-0.26875,127.5,1.928235294117647,-57,1034.0,3.1227140162325653,4.631332847730058,270.2843013305169,281.95720932354124
2026-01-03T23:18:08.592544,1,1174,1615075201,0.0,0.0,-17.0,0.0,0.0,0.0,0,17.3625,57.5,0.28470588235294114,-58,1034.0,8.882716721791674,6.929437329006052,287.7477587422433,305.36197961758876
2026-01-03T23:18:09.594206,1,1175,1615075202,0.0,0.0,-17.0,0.0,0.0,0.0,0,17.3,58.0,0.28470588235294114,-57,1034.0,8.952577650060789,6.962485356377234,287.68585354050026,305.3866973562437
2026-01-03T23:18:10.591298,1,1176,1615075203,0.0,0.0,-17.0,0.0,0.0,0.0,0,17.3,56.5,0.28470588235294114,-58,1034.0,8.564520105861888,6.780458188765159,287.68585354050026,304.91050499793664
2026-01-03T23:18:11.599879,1,1177,1615075204,0.0,0.0,-17.0,0.0,0.0,0.0,0,17.26875,57.5,0.28470588235294114,-59,1034.0,8.794970240985428,6.888015096980072,287.6549009396287,305.160892458182
2026-01-03T23:18:12.599444,1,1178,1615075205,0.0,0.0,-17.0,0.0,0.0,0.0,0,17.2375,58.0,0.28470588235294114,-59,1034.0,8.894019696082637,6.934699392726154,287.62394833875715,305.2521672087881
2026-01-03T23:18:13.599408,1,1179,1615075206,0.0,0.0,-17.0,0.0,0.0,0.0,0,17.20625,57.5,0.2717647058823529,-60,1034.0,8.73647144477664,6.860522996301497,287.5929957378856,305.0271745196254
2026-01-03T23:18:14.604400,1,1180,1615075207,0.0,0.0,-17.0,0.0,0.0,0.0,0,17.175,58.0,0.28470588235294114,-60,1034.0,8.835460841142833,6.907012291872247,287.5620431370141,305.11791129378594
2026-01-03T23:18:15.600285,1,1181,1615075208,0.0,0.0,-17.0,0.0,0.0,0.0,0,17.175,57.5,0.28470588235294114,-60,1034.0,8.707221703962833,6.846813646352231,287.5620431370141,304.9604172356486
2026-01-03T23:18:16.595641,1,1182,1615075209,0.0,0.0,-17.0,0.0,0.0,0.0,0,17.26875,57.0,0.28470588235294114,-61,1034.0,8.665653235423633,6.827461859867162,287.6549009396287,305.0024997619953
2026-01-03T23:18:17.600475,1,1183,1615075210,0.0,0.0,-17.0,0.0,0.0,0.0,0,17.26875,57.5,0.2717647058823529,-61,1034.0,8.794970240985428,6.888015096980072,287.6549009396287,305.160892458182
2026-01-03T23:18:18.589414,1,1184,1615075211,0.0,0.0,-17.0,0.0,0.0,0.0,0,17.2375,57.5,0.28470588235294114,-61,1034.0,8.765720957116612,6.874256800327684,287.62394833875715,305.0939995533208
2026-01-03T23:18:19.588419,1,1185,1615075212,0.0,0.0,-17.0,0.0,0.0,0.0,0,17.2375,57.5,0.28470588235294114,-61,1034.0,8.765720957116612,6.874256800327684,287.62394833875715,305.0939995533208
2026-01-03T23:18:20.587270,1,1186,1615075213,0.0,0.0,-17.0,0.0,0.0,0.0,0,17.20625,57.5,0.28470588235294114,-61,1034.0,8.73647144477664,6.860522996301497,287.5929957378856,305.0271745196254
2026-01-03T23:18:21.586360,1,1187,1615075214,0.0,0.0,-17.0,0.0,0.0,0.0,0,17.14375,57.5,0.2717647058823529,-61,1034.0,8.67797173467251,6.833128711985082,287.53109053614253,304.89372758016697
2026-01-03T23:18:22.592133,1,1188,1615075215,0.0,0.0,-17.0,0.0,0.0,0.0,0,17.14375,57.5,0.28470588235294114,-61,1034.0,8.67797173467251,6.833128711985082,287.53109053614253,304.89372758016697
2026-01-03T23:18:23.589794,1,1189,1615075216,0.0,0.0,-17.0,0.0,0.0,0.0,0,17.175,57.0,0.28470588235294114,-61,1034.0,8.577994748557769,6.786626524094033,287.5620431370141,304.8030345961857
2026-01-03T23:18:24.590094,1,1190,1615075217,0.0,0.0,-17.0,0.0,0.0,0.0,0,17.20625,58.0,0.2717647058823529,-61,1034.0,8.864740381234238,6.920843503916651,287.5929957378856,305.1850050336877
2026-01-03T23:18:25.595484,1,1191,1615075218,0.0,0.0,-17.0,0.0,0.0,0.0,0,17.175,57.5,0.28470588235294114,-60,1034.0,8.707221703962833,6.846813646352231,287.5620431370141,304.9604172356486
2026-01-03T23:18:26.587624,1,1192,1615075219,0.0,0.0,-17.0,0.0,0.0,0.0,0,17.175,57.5,0.28470588235294114,-60,1034.0,8.707221703962833,6.846813646352231,287.5620431370141,304.9604172356486
2026-01-03T23:18:27.592418,1,1193,1615075220,0.0,0.0,-17.0,0.0,0.0,0.0,0,17.175,57.5,0.28470588235294114,-60,1034.0,8.707221703962833,6.846813646352231,287.5620431370141,304.9604172356486
2026-01-03T23:18:28.595106,1,1194,1615075221,0.0,0.0,-17.0,0.0,0.0,0.0,0,17.175,57.5,0.28470588235294114,-59,1034.0,8.707221703962833,6.846813646352231,287.5620431370141,304.9604172356486
2026-01-03T23:18:29.587938,1,1195,1615075222,0.0,0.0,-17.0,0.0,0.0,0.0,0,17.175,57.5,0.2717647058823529,-60,1034.0,8.707221703962833,6.846813646352231,287.5620431370141,304.9604172356486
2026-01-03T23:18:30.592591,1,1196,1615075223,0.0,0.0,-17.0,0.0,0.0,0.0,0,17.08125,57.5,0.28470588235294114,-61,1034.0,8.619471110651615,6.805831936289831,287.4691853343994,304.76055067090937
2026-01-03T23:18:31.593137,1,1197,1615075224,0.0,0.0,-17.0,0.0,0.0,0.0,0,17.1125,58.5,0.2717647058823529,-61,1034.0,8.90410927229901,6.93939076475808,287.50013793527097,305.14086243753735
2026-01-03T23:18:32.594944,1,1198,1615075225,0.0,0.0,-17.0,0.0,0.0,0.0,0,17.1125,58.0,0.28470588235294114,-61,1034.0,8.776901085220578,6.879423742672359,287.50013793527097,304.98392862927926
2026-01-03T23:18:33.596585,1,1199,1615075226,0.0,0.0,-17.0,0.0,0.0,0.0,0,16.984375,57.5,0.28470588235294114,-60,1034.0,8.528793337241149,6.763713918014721,287.37323227169765,304.55465785238044
2026-01-03T23:18:34.592031,1,1200,1615075227,0.0,0.0,-17.0,0.0,0.0,0.0,0,17.08125,58.0,0.2717647058823529,-62,1034.0,8.747620869384532,6.8656663279511045,287.4691853343994,304.9170394600896
2026-01-03T23:18:35.600122,1,1201,1615075228,0.0,0.0,-17.0,0.0,0.0,0.0,0,17.1125,58.0,0.28470588235294114,-60,1034.0,8.776901085220578,6.879423742672359,287.50013793527097,304.98392862927926
2026-01-03T23:18:36.588706,1,1202,1615075229,0.0,0.0,-17.0,0.0,0.0,0.0,0,17.1125,58.0,0.28470588235294114,-60,1034.0,8.776901085220578,6.879423742672359,287.50013793527097,304.98392862927926
2026-01-03T23:18:37.592746,1,1203,1615075230,0.0,0.0,-17.0,0.0,0.0,0.0,0,17.1125,57.5,0.2717647058823529,-61,1034.0,8.648721536902997,6.81946815475964,287.50013793527097,304.82710543217996
2026-01-03T23:18:38.592065,1,1204,1615075231,0.0,0.0,-17.0,0.0,0.0,0.0,0,17.1125,57.5,0.28470588235294114,-61,1034.0,8.648721536902997,6.81946815475964,287.50013793527097,304.82710543217996
2026-01-03T23:18:39.591547,1,1205,1615075232,0.0,0.0,-17.0,0.0,0.0,0.0,0,17.1125,57.0,0.28470588235294114,-62,1034.0,8.51955459869199,6.75952399774993,287.50013793527097,304.67039275005914
2026-01-03T23:18:40.588734,1,1206,1615075233,0.0,0.0,-17.0,0.0,0.0,0.0,0,17.1125,57.5,0.28470588235294114,-61,1034.0,8.648721536902997,6.81946815475964,287.50013793527097,304.82710543217996
2026-01-03T23:18:41.591353,1,1207,1615075234,0.0,0.0,-17.0,0.0,0.0,0.0,0,17.20625,57.0,0.2717647058823529,-61,1034.0,8.607214475901337,6.800214058392551,287.5929957378856,304.8694558787503
2026-01-03T23:18:42.589364,1,1208,1615075235,0.0,0.0,-17.0,0.0,0.0,0.0,0,17.20625,57.5,0.28470588235294114,-59,1034.0,8.73647144477664,6.860522996301497,287.5929957378856,305.0271745196254
2026-01-03T23:18:43.590038,1,1209,1615075236,0.0,0.0,-17.0,0.0,0.0,0.0,0,17.33125,57.5,0.28470588235294114,-59,1034.0,8.853468123320283,6.915605322633436,287.7168061413718,305.2948823683084
2026-01-03T23:18:44.588960,1,1210,1615075237,0.0,0.0,-17.0,0.0,0.0,0.0,0,17.2375,57.5,0.28470588235294114,-59,1034.0,8.765720957116612,6.874256800327684,287.62394833875715,305.0939995533208
2026-01-03T23:18:45.594326,1,1211,1615075238,0.0,0.0,-17.0,0.0,0.0,0.0,0,17.2375,58.0,0.28470588235294114,-61,1034.0,8.894019696082637,6.934699392726154,287.62394833875715,305.2521672087881
2026-01-03T23:18:46.587291,1,1212,1615075239,0.0,0.0,-17.0,0.0,0.0,0.0,0,17.26875,58.0,0.2717647058823529,-61,1034.0,8.923298785690621,6.9485799972211595,287.6549009396287,305.31939794194517
2026-01-03T23:18:47.600587,1,1213,1615075240,0.0,0.0,-17.0,0.0,0.0,0.0,0,17.26875,58.0,0.2717647058823529,-61,1034.0,8.923298785690621,6.9485799972211595,287.6549009396287,305.31939794194517
2026-01-03T23:18:48.589508,1,1214,1615075241,0.0,0.0,-17.0,0.0,0.0,0.0,0,17.14375,57.0,0.2717647058823529,-62,1034.0,8.548774789488904,6.773063183236862,287.53109053614253,304.73668025982283
2026-01-03T23:18:49.597721,1,1215,1615075242,0.0,0.0,-17.0,0.0,0.0,0.0,0,17.14375,57.5,0.28470588235294114,-63,1034.0,8.67797173467251,6.833128711985082,287.53109053614253,304.89372758016697
2026-01-03T23:18:50.589349,1,1216,1615075243,0.0,0.0,-17.0,0.0,0.0,0.0,0,17.175,57.0,0.28470588235294114,-62,1034.0,8.577994748557769,6.786626524094033,287.5620431370141,304.8030345961857
2026-01-03T23:18:51.593388,1,1217,1615075244,0.0,0.0,-17.0,0.0,0.0,0.0,0,17.14375,57.5,0.2717647058823529,-61,1034.0,8.67797173467251,6.833128711985082,287.53109053614253,304.89372758016697
2026-01-03T23:18:52.593023,1,1218,1615075245,0.0,0.0,-17.0,0.0,0.0,0.0,0,17.14375,57.5,0.2717647058823529,-61,1034.0,8.67797173467251,6.833128711985082,287.53109053614253,304.89372758016697
2026-01-03T23:18:53.587399,1,1219,1615075246,0.0,0.0,-17.0,0.0,0.0,0.0,0,17.175,58.0,0.28470588235294114,-61,1034.0,8.835460841142833,6.907012291872247,287.5620431370141,305.11791129378594
2026-01-03T23:18:54.590609,1,1220,1615075247,0.0,0.0,-17.0,0.0,0.0,0.0,0,17.14375,58.0,0.28470588235294114,-60,1034.0,8.80618107580581,6.893205717727598,287.53109053614253,305.05088586645144
2026-01-03T23:18:55.589110,1,1221,1615075248,0.0,0.0,-17.0,0.0,0.0,0.0,0,17.3,57.5,0.28470588235294114,-60,1034.0,8.824219296385756,6.901797924862499,287.68585354050026,305.22785335587935
2026-01-03T23:18:56.595301,1,1222,1615075249,0.0,0.0,-17.0,0.0,0.0,0.0,0,17.175,58.0,0.28470588235294114,-59,1034.0,8.835460841142833,6.907012291872247,287.5620431370141,305.11791129378594
2026-01-03T23:18:57.587893,1,1223,1615075250,0.0,0.0,-17.0,0.0,0.0,0.0,0,17.20625,58.0,0.2717647058823529,-59,1034.0,8.864740381234238,6.920843503916651,287.5929957378856,305.1850050336877
2026-01-03T23:18:58.594423,1,1224,1615075251,0.0,0.0,-17.0,0.0,0.0,0.0,0,17.20625,58.0,0.2717647058823529,-59,1034.0,8.864740381234238,6.920843503916651,287.5929957378856,305.1850050336877
2026-01-03T23:18:59.594530,1,1225,1615075252,0.0,0.0,-17.0,0.0,0.0,0.0,0,17.175,58.0,0.28470588235294114,-59,1034.0,8.835460841142833,6.907012291872247,287.5620431370141,305.11791129378594
2026-01-03T23:19:00.595271,1,1226,1615075253,0.0,0.0,-17.0,0.0,0.0,0.0,0,17.175,58.0,0.28470588235294114,-60,1034.0,8.835460841142833,6.907012291872247,287.5620431370141,305.11791129378594
2026-01-03T23:19:01.595578,1,1227,1615075254,0.0,0.0,-17.0,0.0,0.0,0.0,0,17.175,58.0,0.2717647058823529,-61,1034.0,8.835460841142833,6.907012291872247,287.5620431370141,305.11791129378594
2026-01-03T23:19:02.590135,1,1228,1615075255,0.0,0.0,-17.0,0.0,0.0,0.0,0,17.175,57.5,0.2717647058823529,-60,1034.0,8.707221703962833,6.846813646352231,287.5620431370141,304.9604172356486
2026-01-03T23:19:03.596176,1,1229,1615075256,0.0,0.0,-17.0,0.0,0.0,0.0,0,17.20625,57.5,0.28470588235294114,-60,1034.0,8.73647144477664,6.860522996301497,287.5929957378856,305.0271745196254
2026-01-03T23:19:04.596294,1,1230,1615075257,0.0,0.0,-17.0,0.0,0.0,0.0,0,17.14375,58.0,0.2717647058823529,-60,1034.0,8.80618107580581,6.893205717727598,287.53109053614253,305.05088586645144
2026-01-03T23:19:05.597134,1,1231,1615075258,0.0,0.0,-17.0,0.0,0.0,0.0,0,17.14375,57.5,0.2717647058823529,-60,1034.0,8.67797173467251,6.833128711985082,287.53109053614253,304.89372758016697
2026-01-03T23:19:06.590090,1,1232,1615075259,0.0,0.0,-17.0,0.0,0.0,0.0,0,17.175,58.0,0.28470588235294114,-60,1034.0,8.835460841142833,6.907012291872247,287.5620431370141,305.11791129378594
2026-01-03T23:19:07.596606,1,1233,1615075260,0.0,0.0,-17.0,0.0,0.0,0.0,0,17.2375,57.5,0.28470588235294114,-60,1034.0,8.765720957116612,6.874256800327684,287.62394833875715,305.0939995533208
2026-01-03T23:19:08.595480,1,1234,1615075261,0.0,0.0,-17.0,0.0,0.0,0.0,0,17.1125,57.5,0.2717647058823529,-60,1034.0,8.648721536902997,6.81946815475964,287.50013793527097,304.82710543217996
2026-01-03T23:19:09.590197,1,1235,1615075262,0.0,0.0,-17.0,0.0,0.0,0.0,0,17.1125,57.5,0.28470588235294114,-60,1034.0,8.648721536902997,6.81946815475964,287.50013793527097,304.82710543217996
2026-01-03T23:19:10.591004,1,1236,1615075263,0.0,0.0,-17.0,0.0,0.0,0.0,0,17.20625,57.5,0.2717647058823529,-60,1034.0,8.73647144477664,6.860522996301497,287.5929957378856,305.0271745196254
2026-01-03T23:19:11.588414,1,1237,1615075264,0.0,0.0,-17.0,0.0,0.0,0.0,0,17.2375,57.0,0.2717647058823529,-61,1034.0,8.636433971522374,6.813825824257329,287.62394833875715,304.93594422733923
2026-01-03T23:19:12.590250,1,1238,1615075265,0.0,0.0,-17.0,0.0,0.0,0.0,0,17.2375,57.5,0.2717647058823529,-59,1034.0,8.765720957116612,6.874256800327684,287.62394833875715,305.0939995533208
2026-01-03T23:19:13.587773,1,1239,1615075266,0.0,0.0,-17.0,0.0,0.0,0.0,0,17.20625,57.5,0.28470588235294114,-60,1034.0,8.73647144477664,6.860522996301497,287.5929957378856,305.0271745196254
2026-01-03T23:19:14.589182,1,1240,1615075267,0.0,0.0,-17.0,0.0,0.0,0.0,0,17.26875,57.0,0.28470588235294114,-60,1034.0,8.665653235423633,6.827461859867162,287.6549009396287,305.0024997619953
2026-01-03T23:19:16.588118,1,1242,1615075269,0.0,0.0,-17.0,0.0,0.0,0.0,0,17.2375,57.5,0.28470588235294114,-60,1034.0,8.765720957116612,6.874256800327684,287.62394833875715,305.0939995533208
2026-01-03T23:19:17.590355,1,1243,1615075270,0.0,0.0,-17.0,0.0,0.0,0.0,0,17.26875,58.0,0.28470588235294114,-59,1034.0,8.923298785690621,6.9485799972211595,287.6549009396287,305.31939794194517
2026-01-03T23:19:18.594069,1,1244,1615075271,0.0,0.0,-17.0,0.0,0.0,0.0,0,17.14375,58.0,0.28470588235294114,-60,1034.0,8.80618107580581,6.893205717727598,287.53109053614253,305.05088586645144
2026-01-03T23:19:19.586229,1,1245,1615075272,0.0,0.0,-17.0,0.0,0.0,0.0,0,17.14375,57.5,0.28470588235294114,-61,1034.0,8.67797173467251,6.833128711985082,287.53109053614253,304.89372758016697
